Sample,Family,Genus,Species,Count,Others,Comment,Cams,Filename,Time_MaxN(mins),sp_Code,TapeReader,Has_Fed,CampaignID
NF_012,Apogonidae,Ostorhinchus,doederleini,3,NA,NA,12,20210722_NF_012_Rig5_5L (1).MP4,7.2395,37327053,Scott Gray,Yes,2021-07-NorfolkIsland-BRUVS
NF_012,Apogonidae,Ostorhinchus,flavus,11,NA,NA,12,20210722_NF_012_Rig5_5L (3).MP4,37.8055,37327126,Scott Gray,Yes,2021-07-NorfolkIsland-BRUVS
NF_012,Apogonidae,Taeniamia,leai,9,NA,NA,12,20210722_NF_012_Rig5_5L (1).MP4,14.6863,37327083,Scott Gray,No,2021-07-NorfolkIsland-BRUVS
NF_012,Blenniidae,Plagiotremus,tapeinosoma,1,NA,NA,12,20210722_NF_012_Rig5_5L (1).MP4,4.9816,37408076,Scott Gray,No,2021-07-NorfolkIsland-BRUVS
NF_012,Caesionidae,Caesionidae,sp.,13,NA,NA,12,20210722_NF_012_Rig5_5L (1).MP4,1.4704,37346000,Scott Gray,No,2021-07-NorfolkIsland-BRUVS
NF_012,Labridae,Pseudolabrus,luculentus,9,NA,NA,12,20210722_NF_012_Rig5_5L (1).MP4,3.4629,37384151,Scott Gray,Yes,2021-07-NorfolkIsland-BRUVS
NF_012,Muraenidae,Gymnothorax,annasona,1,NA,NA,12,20210722_NF_012_Rig5_5L (1).MP4,15.7363,37060064,Scott Gray,No,2021-07-NorfolkIsland-BRUVS
NF_012,Muraenidae,Gymnothorax,eurostus,2,NA,NA,12,20210722_NF_012_Rig5_5L (1).MP4,10.7819,37060034,Scott Gray,Yes,2021-07-NorfolkIsland-BRUVS
NF_012,Muraenidae,Gymnothorax,porphyreus,2,NA,NA,12,20210722_NF_012_Rig5_5L (4).MP4,57.3228,37060066,Scott Gray,Yes,2021-07-NorfolkIsland-BRUVS
NF_012,Pomacentridae,Amphiprion,latezonatus,3,NA,NA,12,20210722_NF_012_Rig5_5L (2).MP4,17.4647,37372022,Scott Gray,No,2021-07-NorfolkIsland-BRUVS
NF_012,Pomacentridae,Chromis,hypsilepis,8,NA,NA,12,20210722_NF_012_Rig5_5L (1).MP4,1.1523,37372002,Scott Gray,No,2021-07-NorfolkIsland-BRUVS
NF_012,Pomacentridae,Chromis,norfolkensis,99,NA,NA,12,20210722_NF_012_Rig5_5L (1).MP4,2.1221,NA,Scott Gray,No,2021-07-NorfolkIsland-BRUVS
NF_012,Pomacentridae,Chrysiptera,notialis,91,NA,NA,12,20210722_NF_012_Rig5_5L (1).MP4,2.1216,37372065,Scott Gray,Yes,2021-07-NorfolkIsland-BRUVS
NF_012,Pomacentridae,Parma,polylepis,1,NA,NA,12,20210722_NF_012_Rig5_5L (3).MP4,34.5028,37372096,Scott Gray,No,2021-07-NorfolkIsland-BRUVS
NF_012,Pomacentridae,Stegastes,gascoynei,1,NA,NA,12,20210722_NF_012_Rig5_5L (1).MP4,1.4014,37372133,Scott Gray,No,2021-07-NorfolkIsland-BRUVS
NF_021,Acanthuridae,Prionurus,maculatus,27,NA,NA,21,20210722_NF_021_Rig8_8L (1).MP4,6.8936,37437034,Scott Gray,No,2021-07-NorfolkIsland-BRUVS
NF_021,Carangidae,Pseudocaranx,spp.,1,NA,NA,21,20210722_NF_021_Rig8_8L (3).MP4,45.4782,37337924,Scott Gray,No,2021-07-NorfolkIsland-BRUVS
NF_021,Carangidae,Seriola,lalandi,2,NA,NA,21,20210722_NF_021_Rig8_8L (3).MP4,33.0308,37337006,Scott Gray,No,2021-07-NorfolkIsland-BRUVS
NF_021,Carangidae,Trachurus,spp.,2,NA,NA,21,20210722_NF_021_Rig8_8L (1).MP4,11.3675,37337907,Scott Gray,No,2021-07-NorfolkIsland-BRUVS
NF_021,Carcharhinidae,Carcharhinus,spp.,2,NA,NA,21,20210722_NF_021_Rig8_8L (4).MP4,55.5294,37018904,Scott Gray,Yes,2021-07-NorfolkIsland-BRUVS
NF_021,Labracoglossidae,Labracoglossa,nitida,4,NA,NA,21,20210722_NF_021_Rig8_8L (2).MP4,26.3041,37332002,Scott Gray,No,2021-07-NorfolkIsland-BRUVS
NF_021,Labridae,Anampses,elegans,5,NA,NA,21,20210722_NF_021_Rig8_8L (1).MP4,0.9977,37384046,Scott Gray,No,2021-07-NorfolkIsland-BRUVS
NF_021,Labridae,Notolabrus,inscriptus,2,NA,NA,21,20210722_NF_021_Rig8_8L (1).MP4,4.1558,37384139,Scott Gray,No,2021-07-NorfolkIsland-BRUVS
NF_021,Labridae,Pseudolabrus,luculentus,10,NA,NA,21,20210722_NF_021_Rig8_8L (1).MP4,2.9557,37384151,Scott Gray,Yes,2021-07-NorfolkIsland-BRUVS
NF_021,Labridae,Suezichthys,arquatus,1,NA,NA,21,20210722_NF_021_Rig8_8L (1).MP4,6.0527,37384158,Scott Gray,No,2021-07-NorfolkIsland-BRUVS
NF_021,Lethrinidae,Lethrinus,miniatus,5,NA,NA,21,20210722_NF_021_Rig8_8L (3).MP4,44.2881,37351009,Scott Gray,Yes,2021-07-NorfolkIsland-BRUVS
NF_021,Muraenidae,Gymnothorax,annasona,1,NA,NA,21,20210722_NF_021_Rig8_8L (2).MP4,25.5817,37060064,Scott Gray,No,2021-07-NorfolkIsland-BRUVS
NF_021,Muraenidae,Gymnothorax,nubilus,3,NA,NA,21,20210722_NF_021_Rig8_8L (1).MP4,3.6297,37060065,Scott Gray,Yes,2021-07-NorfolkIsland-BRUVS
NF_021,Pomacanthidae,Chaetodontoplus,conspicillatus,2,NA,NA,21,20210722_NF_021_Rig8_8L (1).MP4,7.2044,37365064,Scott Gray,No,2021-07-NorfolkIsland-BRUVS
NF_021,Pomacentridae,Amphiprion,latezonatus,5,NA,NA,21,20210722_NF_021_Rig8_8L (1).MP4,10.704,37372022,Scott Gray,No,2021-07-NorfolkIsland-BRUVS
NF_021,Pomacentridae,Chromis,hypsilepis,6,NA,NA,21,20210722_NF_021_Rig8_8L (4).MP4,55.4593,37372002,Scott Gray,No,2021-07-NorfolkIsland-BRUVS
NF_021,Pomacentridae,Parma,polylepis,1,NA,NA,21,20210722_NF_021_Rig8_8L (1).MP4,0.0033,37372096,Scott Gray,No,2021-07-NorfolkIsland-BRUVS
NF_030,Apogonidae,Ostorhinchus,doederleini,1,NA,NA,30,20210721_NF_030_Rig8_8L (2).MP4,14.2698,37327053,Scott Gray,Yes,2021-07-NorfolkIsland-BRUVS
NF_030,Apogonidae,Ostorhinchus,flavus,9,NA,NA,30,20210721_NF_030_Rig8_8L (1).MP4,12.1738,37327126,Scott Gray,Yes,2021-07-NorfolkIsland-BRUVS
NF_030,Apogonidae,Ostorhinchus,norfolcensis,1,NA,NA,30,20210721_NF_030_Rig8_8L (1).MP4,2.9713,37327124,Scott Gray,Yes,2021-07-NorfolkIsland-BRUVS
NF_030,Blenniidae,Plagiotremus,tapeinosoma,1,NA,NA,30,20210721_NF_030_Rig8_8L (1).MP4,1.3057,37408076,Scott Gray,No,2021-07-NorfolkIsland-BRUVS
NF_030,Carcharhinidae,Carcharhinus,spp.,1,NA,NA,30,20210721_NF_030_Rig8_8L (1).MP4,10.8981,37018904,Scott Gray,No,2021-07-NorfolkIsland-BRUVS
NF_030,Cirrhitidae,Notocirrhitus,splendens,1,NA,NA,30,20210721_NF_030_Rig8_8L (3).MP4,31.7795,37374012,Scott Gray,No,2021-07-NorfolkIsland-BRUVS
NF_030,Labridae,Anampses,elegans,1,NA,NA,30,20210721_NF_030_Rig8_8L (2).MP4,21.3107,37384046,Scott Gray,No,2021-07-NorfolkIsland-BRUVS
NF_030,Labridae,Coris,sandeyeri,18,NA,NA,30,20210721_NF_030_Rig8_8L (1).MP4,1.4476,37384097,Scott Gray,No,2021-07-NorfolkIsland-BRUVS
NF_030,Labridae,Notolabrus,inscriptus,2,NA,NA,30,20210721_NF_030_Rig8_8L (1).MP4,9.6563,37384139,Scott Gray,No,2021-07-NorfolkIsland-BRUVS
NF_030,Labridae,Pseudolabrus,luculentus,7,NA,NA,30,20210721_NF_030_Rig8_8L (1).MP4,3.9345,37384151,Scott Gray,Yes,2021-07-NorfolkIsland-BRUVS
NF_030,Mullidae,Parupeneus,spilurus,2,NA,NA,30,20210721_NF_030_Rig8_8L (1).MP4,1.4476,37355015,Scott Gray,No,2021-07-NorfolkIsland-BRUVS
NF_030,Muraenidae,Gymnothorax,annasona,1,NA,NA,30,20210721_NF_030_Rig8_8L (3).MP4,35.0856,37060064,Scott Gray,Yes,2021-07-NorfolkIsland-BRUVS
NF_030,Muraenidae,Gymnothorax,nubilus,1,NA,NA,30,20210721_NF_030_Rig8_8L (1).MP4,6.3558,37060065,Scott Gray,Yes,2021-07-NorfolkIsland-BRUVS
NF_030,Muraenidae,Gymnothorax,porphyreus,1,NA,NA,30,20210721_NF_030_Rig8_8L (1).MP4,9.7275,37060066,Scott Gray,Yes,2021-07-NorfolkIsland-BRUVS
NF_030,Pomacentridae,Amphiprion,latezonatus,3,NA,NA,30,20210721_NF_030_Rig8_8L (1).MP4,5.8108,37372022,Scott Gray,No,2021-07-NorfolkIsland-BRUVS
NF_030,Pomacentridae,Chromis,hypsilepis,3,NA,NA,30,20210721_NF_030_Rig8_8L (4).MP4,59.4917,37372002,Scott Gray,No,2021-07-NorfolkIsland-BRUVS
NF_030,Pomacentridae,Chromis,norfolkensis,33,NA,NA,30,20210721_NF_030_Rig8_8L (1).MP4,7.5548,NA,Scott Gray,No,2021-07-NorfolkIsland-BRUVS
NF_030,Pomacentridae,Chrysiptera,notialis,46,NA,NA,30,20210721_NF_030_Rig8_8L (1).MP4,7.3206,37372065,Scott Gray,Yes,2021-07-NorfolkIsland-BRUVS
NF_030,Pomacentridae,Plectroglyphidodon,fasciolatus,1,NA,NA,30,20210721_NF_030_Rig8_8L (3).MP4,31.8218,NA,Scott Gray,No,2021-07-NorfolkIsland-BRUVS
NF_031,Apogonidae,Cheilodipterus,quinquelineatus,2,NA,NA,31,20210723_NF_031_Rig8_8L (3).MP4,42.7777,37327090,Scott Gray,No,2021-07-NorfolkIsland-BRUVS
NF_031,Carcharhinidae,Carcharhinus,spp.,2,NA,NA,31,20210723_NF_031_Rig8_8L (2).MP4,29.5434,37018904,Scott Gray,No,2021-07-NorfolkIsland-BRUVS
NF_031,Labridae,Pseudolabrus,luculentus,6,NA,NA,31,20210723_NF_031_Rig8_8L (1).MP4,2.1544,37384151,Scott Gray,Yes,2021-07-NorfolkIsland-BRUVS
NF_031,Muraenidae,Gymnothorax,annasona,1,NA,NA,31,20210723_NF_031_Rig8_8L (4).MP4,54.3315,37060064,Scott Gray,Yes,2021-07-NorfolkIsland-BRUVS
NF_047,Acanthuridae,Prionurus,maculatus,2,NA,NA,47,20210723_NF_047_Rig4_4L (2).MP4,17.3201,37437034,Scott Gray,No,2021-07-NorfolkIsland-BRUVS
NF_047,Apogonidae,Ostorhinchus,flavus,30,NA,NA,47,20210723_NF_047_Rig4_4L (4).MP4,54.3643,37327126,Scott Gray,No,2021-07-NorfolkIsland-BRUVS
NF_047,Blenniidae,Plagiotremus,tapeinosoma,1,NA,NA,47,20210723_NF_047_Rig4_4L (1).MP4,10.5066,37408076,Scott Gray,No,2021-07-NorfolkIsland-BRUVS
NF_047,Carangidae,Seriola,lalandi,3,NA,NA,47,20210723_NF_047_Rig4_4L (3).MP4,32.5992,37337006,Scott Gray,No,2021-07-NorfolkIsland-BRUVS
NF_047,Kyphosidae,Kyphosus,spp.,3,NA,NA,47,20210723_NF_047_Rig4_4L (3).MP4,48.6853,37361903,Scott Gray,No,2021-07-NorfolkIsland-BRUVS
NF_047,Labridae,Notolabrus,inscriptus,2,NA,NA,47,20210723_NF_047_Rig4_4L (1).MP4,8.4179,37384139,Scott Gray,No,2021-07-NorfolkIsland-BRUVS
NF_047,Labridae,Pseudolabrus,luculentus,4,NA,NA,47,20210723_NF_047_Rig4_4L (4).MP4,59.4433,37384151,Scott Gray,No,2021-07-NorfolkIsland-BRUVS
NF_047,Lethrinidae,Lethrinus,miniatus,5,NA,NA,47,20210723_NF_047_Rig4_4L (2).MP4,31.2785,37351009,Scott Gray,Yes,2021-07-NorfolkIsland-BRUVS
NF_047,Muraenidae,Gymnothorax,annasona,1,NA,NA,47,20210723_NF_047_Rig4_4L (3).MP4,42.1187,37060064,Scott Gray,Yes,2021-07-NorfolkIsland-BRUVS
NF_047,Muraenidae,Gymnothorax,eurostus,1,NA,NA,47,20210723_NF_047_Rig4_4L (1).MP4,1.2079,37060034,Scott Gray,Yes,2021-07-NorfolkIsland-BRUVS
NF_047,Pomacentridae,Chromis,hypsilepis,2,NA,NA,47,20210723_NF_047_Rig4_4L (1).MP4,4.6519,37372002,Scott Gray,No,2021-07-NorfolkIsland-BRUVS
NF_047,Pomacentridae,Plectroglyphidodon,fasciolatus,1,NA,NA,47,20210723_NF_047_Rig4_4L (1).MP4,5.1162,NA,Scott Gray,No,2021-07-NorfolkIsland-BRUVS
NF_047,Serranidae,Acanthistius,cinctus,2,NA,NA,47,20210723_NF_047_Rig4_4L (2).MP4,23.9534,37311131,Scott Gray,No,2021-07-NorfolkIsland-BRUVS
NF_047,Serranidae,Trachypoma,macracanthus,1,NA,NA,47,20210723_NF_047_Rig4_4L (1).MP4,1.9464,37311164,Scott Gray,No,2021-07-NorfolkIsland-BRUVS
NF_057,Blenniidae,Plagiotremus,tapeinosoma,1,NA,NA,57,20210723_NF_057_Rig2_2L (1).MP4,10.9387,37408076,Scott Gray,No,2021-07-NorfolkIsland-BRUVS
NF_057,Carangidae,Seriola,lalandi,2,NA,NA,57,20210723_NF_057_Rig2_2L (1).MP4,2.6404,37337006,Scott Gray,No,2021-07-NorfolkIsland-BRUVS
NF_057,Carcharhinidae,Carcharhinus,spp.,1,NA,NA,57,20210723_NF_057_Rig2_2L (1).MP4,8.8116,37018904,Scott Gray,No,2021-07-NorfolkIsland-BRUVS
NF_057,Kyphosidae,Girella,cyanea,3,NA,NA,57,20210723_NF_057_Rig2_2L (2).MP4,19.6079,37361016,Scott Gray,Yes,2021-07-NorfolkIsland-BRUVS
NF_057,Labridae,Anampses,elegans,1,NA,NA,57,20210723_NF_057_Rig2_2L (1).MP4,0.367,37384046,Scott Gray,No,2021-07-NorfolkIsland-BRUVS
NF_057,Labridae,Pseudolabrus,luculentus,12,NA,NA,57,20210723_NF_057_Rig2_2L (3).MP4,37.1794,37384151,Scott Gray,No,2021-07-NorfolkIsland-BRUVS
NF_057,Lethrinidae,Lethrinus,miniatus,1,NA,NA,57,20210723_NF_057_Rig2_2L (2).MP4,21.1005,37351009,Scott Gray,Yes,2021-07-NorfolkIsland-BRUVS
NF_057,Muraenidae,Gymnothorax,porphyreus,7,NA,NA,57,20210723_NF_057_Rig2_2L (1).MP4,9.5395,37060066,Scott Gray,Yes,2021-07-NorfolkIsland-BRUVS
NF_057,Pomacentridae,Chromis,hypsilepis,147,NA,NA,57,20210723_NF_057_Rig2_2L (1).MP4,0.0706,37372002,Scott Gray,No,2021-07-NorfolkIsland-BRUVS
NF_057,Pomacentridae,Chrysiptera,notialis,31,NA,NA,57,20210723_NF_057_Rig2_2L (4).MP4,57.5686,37372065,Scott Gray,No,2021-07-NorfolkIsland-BRUVS
NF_057,Pomacentridae,Parma,polylepis,1,NA,NA,57,20210723_NF_057_Rig2_2L (1).MP4,5.0339,37372096,Scott Gray,No,2021-07-NorfolkIsland-BRUVS
NF_057,Pomacentridae,Plectroglyphidodon,johnstonianus,1,NA,NA,57,20210723_NF_057_Rig2_2L (1).MP4,13.5941,37372100,Scott Gray,No,2021-07-NorfolkIsland-BRUVS
NF_057,Scorpaenidae,Scorpaena,cardinalis,1,NA,NA,57,20210723_NF_057_Rig2_2L (1).MP4,5.8514,37287830,Scott Gray,No,2021-07-NorfolkIsland-BRUVS
NF_057,Scorpididae,Atypichthys,latus,1,NA,NA,57,20210723_NF_057_Rig2_2L (3).MP4,42.1276,37361020,Scott Gray,No,2021-07-NorfolkIsland-BRUVS
NF_057,Serranidae,Acanthistius,cinctus,2,NA,NA,57,20210723_NF_057_Rig2_2L (1).MP4,6.2073,37311131,Scott Gray,No,2021-07-NorfolkIsland-BRUVS
NF_057,Serranidae,Epinephelus,rivulatus,1,NA,NA,57,20210723_NF_057_Rig2_2L (1).MP4,11.2068,37311022,Scott Gray,No,2021-07-NorfolkIsland-BRUVS
NF_058,Apogonidae,Ostorhinchus,doederleini,2,NA,NA,58,20210722_NF_058_Rig5_5L (1).MP4,3.0197,37327053,Scott Gray,No,2021-07-NorfolkIsland-BRUVS
NF_058,Apogonidae,Ostorhinchus,flavus,4,NA,NA,58,20210722_NF_058_Rig5_5L (2).MP4,25.5878,37327126,Scott Gray,No,2021-07-NorfolkIsland-BRUVS
NF_058,Blenniidae,Plagiotremus,tapeinosoma,1,NA,NA,58,20210722_NF_058_Rig5_5L (1).MP4,0.7474,37408076,Scott Gray,No,2021-07-NorfolkIsland-BRUVS
NF_058,Carcharhinidae,Carcharhinus,spp.,1,NA,NA,58,20210722_NF_058_Rig5_5L (4).MP4,57.4908,37018904,Scott Gray,Yes,2021-07-NorfolkIsland-BRUVS
NF_058,Labridae,Anampses,elegans,4,NA,NA,58,20210722_NF_058_Rig5_5L (3).MP4,35.5883,37384046,Scott Gray,No,2021-07-NorfolkIsland-BRUVS
NF_058,Labridae,Coris,bulbifrons,1,NA,NA,58,20210722_NF_058_Rig5_5L (2).MP4,26.0827,37384091,Scott Gray,No,2021-07-NorfolkIsland-BRUVS
NF_058,Labridae,Coris,sandeyeri,2,NA,NA,58,20210722_NF_058_Rig5_5L (3).MP4,35.679,37384097,Scott Gray,No,2021-07-NorfolkIsland-BRUVS
NF_058,Labridae,Notolabrus,inscriptus,1,NA,NA,58,20210722_NF_058_Rig5_5L (1).MP4,11.9508,37384139,Scott Gray,No,2021-07-NorfolkIsland-BRUVS
NF_058,Labridae,Pseudolabrus,luculentus,8,NA,NA,58,20210722_NF_058_Rig5_5L (1).MP4,4.8993,37384151,Scott Gray,Yes,2021-07-NorfolkIsland-BRUVS
NF_058,Lethrinidae,Lethrinus,miniatus,1,NA,NA,58,20210722_NF_058_Rig5_5L (2).MP4,29.9688,37351009,Scott Gray,Yes,2021-07-NorfolkIsland-BRUVS
NF_058,Mullidae,Parupeneus,pleurostigma,1,NA,NA,58,20210722_NF_058_Rig5_5L (1).MP4,5.8792,37355027,Scott Gray,No,2021-07-NorfolkIsland-BRUVS
NF_058,Mullidae,Parupeneus,spilurus,2,NA,NA,58,20210722_NF_058_Rig5_5L (1).MP4,5.823,37355015,Scott Gray,No,2021-07-NorfolkIsland-BRUVS
NF_058,Muraenidae,Gymnothorax,annasona,1,NA,NA,58,20210722_NF_058_Rig5_5L (4).MP4,54.1535,37060064,Scott Gray,Yes,2021-07-NorfolkIsland-BRUVS
NF_058,Muraenidae,Gymnothorax,meleagris,1,NA,NA,58,20210722_NF_058_Rig5_5L (2).MP4,19.5073,37060045,Scott Gray,Yes,2021-07-NorfolkIsland-BRUVS
NF_058,Muraenidae,Gymnothorax,porphyreus,3,NA,NA,58,20210722_NF_058_Rig5_5L (2).MP4,27.7677,37060066,Scott Gray,Yes,2021-07-NorfolkIsland-BRUVS
NF_058,Pomacentridae,Amphiprion,latezonatus,2,NA,NA,58,20210722_NF_058_Rig5_5L (1).MP4,2.3501,37372022,Scott Gray,No,2021-07-NorfolkIsland-BRUVS
NF_058,Pomacentridae,Chromis,hypsilepis,3,NA,NA,58,20210722_NF_058_Rig5_5L (3).MP4,43.5713,37372002,Scott Gray,No,2021-07-NorfolkIsland-BRUVS
NF_058,Pomacentridae,Chromis,norfolkensis,16,NA,NA,58,20210722_NF_058_Rig5_5L (3).MP4,36.3224,NA,Scott Gray,No,2021-07-NorfolkIsland-BRUVS
NF_058,Pomacentridae,Chrysiptera,notialis,51,NA,NA,58,20210722_NF_058_Rig5_5L (3).MP4,47.5447,37372065,Scott Gray,Yes,2021-07-NorfolkIsland-BRUVS
NF_058,Pomacentridae,Parma,polylepis,2,NA,NA,58,20210722_NF_058_Rig5_5L (1).MP4,5.8864,37372096,Scott Gray,No,2021-07-NorfolkIsland-BRUVS
NF_058,Pomacentridae,Stegastes,gascoynei,2,NA,NA,58,20210722_NF_058_Rig5_5L (1).MP4,4.5362,37372133,Scott Gray,No,2021-07-NorfolkIsland-BRUVS
NF_058,Scorpaenidae,Scorpaena,cardinalis,1,NA,NA,58,20210722_NF_058_Rig5_5L (1).MP4,4.3065,37287830,Scott Gray,No,2021-07-NorfolkIsland-BRUVS
NF_058,Serranidae,Acanthistius,cinctus,3,NA,NA,58,20210722_NF_058_Rig5_5L (1).MP4,5.8414,37311131,Scott Gray,Yes,2021-07-NorfolkIsland-BRUVS
NF_058,Serranidae,Trachypoma,macracanthus,2,NA,NA,58,20210722_NF_058_Rig5_5L (1).MP4,3.147,37311164,Scott Gray,No,2021-07-NorfolkIsland-BRUVS
NF_058,Tetraodontidae,Canthigaster,callisterna,1,NA,NA,58,20210722_NF_058_Rig5_5L (1).MP4,12.3724,37467038,Scott Gray,No,2021-07-NorfolkIsland-BRUVS
NF_067,Apogonidae,Ostorhinchus,flavus,59,NA,NA,67,20210723_NF_067_Rig3_3L (3).MP4,41.9258,37327126,Scott Gray,No,2021-07-NorfolkIsland-BRUVS
NF_067,Blenniidae,Plagiotremus,tapeinosoma,1,NA,NA,67,20210723_NF_067_Rig3_3L (1).MP4,0.6045,37408076,Scott Gray,No,2021-07-NorfolkIsland-BRUVS
NF_067,Caesionidae,Pterocaesio,trilineata,22,NA,NA,67,20210723_NF_067_Rig3_3L (1).MP4,0.7385,37346051,Scott Gray,No,2021-07-NorfolkIsland-BRUVS
NF_067,Carangidae,Seriola,lalandi,5,NA,NA,67,20210723_NF_067_Rig3_3L (3).MP4,32.2617,37337006,Scott Gray,No,2021-07-NorfolkIsland-BRUVS
NF_067,Carcharhinidae,Carcharhinus,spp.,1,NA,NA,67,20210723_NF_067_Rig3_3L (1).MP4,12.7094,37018904,Scott Gray,No,2021-07-NorfolkIsland-BRUVS
NF_067,Labridae,Pseudolabrus,luculentus,4,NA,NA,67,20210723_NF_067_Rig3_3L (1).MP4,1.8535,37384151,Scott Gray,Yes,2021-07-NorfolkIsland-BRUVS
NF_067,Lethrinidae,Lethrinus,miniatus,1,NA,NA,67,20210723_NF_067_Rig3_3L (3).MP4,47.2989,37351009,Scott Gray,Yes,2021-07-NorfolkIsland-BRUVS
NF_067,Monacanthidae,Thamnaconus,analis,1,NA,NA,67,20210723_NF_067_Rig3_3L (1).MP4,5.3759,37465084,Scott Gray,No,2021-07-NorfolkIsland-BRUVS
NF_067,Muraenidae,Gymnothorax,annasona,1,NA,NA,67,20210723_NF_067_Rig3_3L (2).MP4,19.5729,37060064,Scott Gray,Yes,2021-07-NorfolkIsland-BRUVS
NF_067,Muraenidae,Gymnothorax,nubilus,2,NA,NA,67,20210723_NF_067_Rig3_3L (1).MP4,6.5866,37060065,Scott Gray,No,2021-07-NorfolkIsland-BRUVS
NF_067,Muraenidae,Gymnothorax,porphyreus,1,NA,NA,67,20210723_NF_067_Rig3_3L (3).MP4,46.9208,37060066,Scott Gray,Yes,2021-07-NorfolkIsland-BRUVS
NF_067,Pomacentridae,Chromis,norfolkensis,229,NA,NA,67,20210723_NF_067_Rig3_3L (1).MP4,0.416,NA,Scott Gray,No,2021-07-NorfolkIsland-BRUVS
NF_067,Pomacentridae,Chrysiptera,notialis,61,NA,NA,67,20210723_NF_067_Rig3_3L (4).MP4,58.5112,37372065,Scott Gray,No,2021-07-NorfolkIsland-BRUVS
NF_073,Apogonidae,Ostorhinchus,doederleini,1,NA,NA,73,20210723_NF_073_Rig7_7L (1).MP4,0.8781,37327053,Scott Gray,No,2021-07-NorfolkIsland-BRUVS
NF_073,Carangidae,Pseudocaranx,spp.,1,NA,NA,73,20210723_NF_073_Rig7_7L (4).MP4,43.8249,37337924,Scott Gray,No,2021-07-NorfolkIsland-BRUVS
NF_073,Labridae,Pseudolabrus,luculentus,20,NA,NA,73,20210723_NF_073_Rig7_7L (2).MP4,5.6173,37384151,Scott Gray,Yes,2021-07-NorfolkIsland-BRUVS
NF_073,Lethrinidae,Lethrinus,miniatus,3,NA,NA,73,20210723_NF_073_Rig7_7L (3).MP4,27.1955,37351009,Scott Gray,Yes,2021-07-NorfolkIsland-BRUVS
NF_073,Muraenidae,Gymnothorax,annasona,1,NA,NA,73,20210723_NF_073_Rig7_7L (3).MP4,38.1653,37060064,Scott Gray,Yes,2021-07-NorfolkIsland-BRUVS
NF_073,Muraenidae,Gymnothorax,eurostus,1,NA,NA,73,20210723_NF_073_Rig7_7L (2).MP4,10.0005,37060034,Scott Gray,Yes,2021-07-NorfolkIsland-BRUVS
NF_073,Muraenidae,Gymnothorax,nubilus,9,NA,NA,73,20210723_NF_073_Rig7_7L (3).MP4,24.3604,37060065,Scott Gray,Yes,2021-07-NorfolkIsland-BRUVS
NF_073,Pomacentridae,Amphiprion,latezonatus,3,NA,NA,73,20210723_NF_073_Rig7_7L (2).MP4,13.6147,37372022,Scott Gray,Yes,2021-07-NorfolkIsland-BRUVS
NF_073,Pomacentridae,Chromis,hypsilepis,6,NA,NA,73,20210723_NF_073_Rig7_7L (2).MP4,8.6297,37372002,Scott Gray,No,2021-07-NorfolkIsland-BRUVS
NF_073,Pomacentridae,Chromis,norfolkensis,10,NA,NA,73,20210723_NF_073_Rig7_7L (1).MP4,4.3649,NA,Scott Gray,No,2021-07-NorfolkIsland-BRUVS
NF_073,Pomacentridae,Chrysiptera,notialis,5,NA,NA,73,20210723_NF_073_Rig7_7L (4).MP4,55.1773,37372065,Scott Gray,No,2021-07-NorfolkIsland-BRUVS
NF_073,Pomacentridae,Stegastes,gascoynei,2,NA,NA,73,20210723_NF_073_Rig7_7L (1).MP4,2.7733,37372133,Scott Gray,No,2021-07-NorfolkIsland-BRUVS
NF_073,Serranidae,Trachypoma,macracanthus,1,NA,NA,73,20210723_NF_073_Rig7_7L (2).MP4,7.651,37311164,Scott Gray,No,2021-07-NorfolkIsland-BRUVS
NF_074,Acanthuridae,Acanthurus,albipectoralis,1,NA,NA,74,20210722_NF_074_Rig3_3L (1).MP4,6.8051,37437004,Scott Gray,No,2021-07-NorfolkIsland-BRUVS
NF_074,Acanthuridae,Prionurus,maculatus,18,NA,NA,74,20210722_NF_074_Rig3_3L (2).MP4,18.4062,37437034,Scott Gray,No,2021-07-NorfolkIsland-BRUVS
NF_074,Carangidae,Seriola,lalandi,4,NA,NA,74,20210722_NF_074_Rig3_3L (1).MP4,10.7619,37337006,Scott Gray,No,2021-07-NorfolkIsland-BRUVS
NF_074,Kyphosidae,Girella,cyanea,3,NA,NA,74,20210722_NF_074_Rig3_3L (2).MP4,18.2527,37361016,Scott Gray,Yes,2021-07-NorfolkIsland-BRUVS
NF_074,Kyphosidae,Kyphosus,spp.,3,NA,NA,74,20210722_NF_074_Rig3_3L (3).MP4,33.0452,37361903,Scott Gray,No,2021-07-NorfolkIsland-BRUVS
NF_074,Labridae,Coris,bulbifrons,1,NA,NA,74,20210722_NF_074_Rig3_3L (2).MP4,13.7087,37384091,Scott Gray,No,2021-07-NorfolkIsland-BRUVS
NF_074,Labridae,Notolabrus,inscriptus,1,NA,NA,74,20210722_NF_074_Rig3_3L (1).MP4,4.8943,37384139,Scott Gray,No,2021-07-NorfolkIsland-BRUVS
NF_074,Labridae,Pseudolabrus,luculentus,9,NA,NA,74,20210722_NF_074_Rig3_3L (1).MP4,7.9296,37384151,Scott Gray,Yes,2021-07-NorfolkIsland-BRUVS
NF_074,Mullidae,Parupeneus,spilurus,3,NA,NA,74,20210722_NF_074_Rig3_3L (3).MP4,34.4922,37355015,Scott Gray,No,2021-07-NorfolkIsland-BRUVS
NF_074,Muraenidae,Enchelycore,ramosa,1,NA,NA,74,20210722_NF_074_Rig3_3L (4).MP4,53.9228,37060027,Scott Gray,Yes,2021-07-NorfolkIsland-BRUVS
NF_074,Muraenidae,Gymnothorax,eurostus,1,NA,NA,74,20210722_NF_074_Rig3_3L (1).MP4,8.0119,37060034,Scott Gray,Yes,2021-07-NorfolkIsland-BRUVS
NF_074,Muraenidae,Gymnothorax,nubilus,1,NA,NA,74,20210722_NF_074_Rig3_3L (3).MP4,46.8835,37060065,Scott Gray,No,2021-07-NorfolkIsland-BRUVS
NF_074,Muraenidae,Gymnothorax,porphyreus,5,NA,NA,74,20210722_NF_074_Rig3_3L (3).MP4,36.7489,37060066,Scott Gray,Yes,2021-07-NorfolkIsland-BRUVS
NF_074,Pomacentridae,Chromis,hypsilepis,72,NA,NA,74,20210722_NF_074_Rig3_3L (1).MP4,8.3478,37372002,Scott Gray,Yes,2021-07-NorfolkIsland-BRUVS
NF_074,Pomacentridae,Chrysiptera,notialis,2,NA,NA,74,20210722_NF_074_Rig3_3L (1).MP4,5.7296,37372065,Scott Gray,No,2021-07-NorfolkIsland-BRUVS
NF_074,Pomacentridae,Parma,polylepis,1,NA,NA,74,20210722_NF_074_Rig3_3L (1).MP4,1.9786,37372096,Scott Gray,No,2021-07-NorfolkIsland-BRUVS
NF_074,Scombridae,Sarda,australis,1,NA,NA,74,20210722_NF_074_Rig3_3L (3).MP4,43.8266,37441020,Scott Gray,No,2021-07-NorfolkIsland-BRUVS
NF_074,Serranidae,Trachypoma,macracanthus,1,NA,NA,74,20210722_NF_074_Rig3_3L (1).MP4,6.7006,37311164,Scott Gray,No,2021-07-NorfolkIsland-BRUVS
NF_085,Apogonidae,Ostorhinchus,norfolcensis,3,NA,NA,85,20210721_NF_085_Rig5_5L (3).MP4,36.7206,37327124,Scott Gray,No,2021-07-NorfolkIsland-BRUVS
NF_085,Apogonidae,Taeniamia,leai,1,NA,NA,85,20210721_NF_085_Rig5_5L (2).MP4,28.3172,37327083,Scott Gray,No,2021-07-NorfolkIsland-BRUVS
NF_085,Blenniidae,Plagiotremus,tapeinosoma,18,NA,NA,85,20210721_NF_085_Rig5_5L (2).MP4,28.6787,37408076,Scott Gray,No,2021-07-NorfolkIsland-BRUVS
NF_085,Caesionidae,Pterocaesio,trilineata,1,NA,NA,85,20210721_NF_085_Rig5_5L (3).MP4,44.5684,37346051,Scott Gray,No,2021-07-NorfolkIsland-BRUVS
NF_085,Carcharhinidae,Carcharhinus,spp.,1,NA,NA,85,20210721_NF_085_Rig5_5L (4).MP4,52.5219,37018904,Scott Gray,No,2021-07-NorfolkIsland-BRUVS
NF_085,Labridae,Coris,sandeyeri,1,NA,NA,85,20210721_NF_085_Rig5_5L (1).MP4,6.9798,37384097,Scott Gray,No,2021-07-NorfolkIsland-BRUVS
NF_085,Labridae,Pseudolabrus,luculentus,4,NA,NA,85,20210721_NF_085_Rig5_5L (1).MP4,2.8017,37384151,Scott Gray,Yes,2021-07-NorfolkIsland-BRUVS
NF_085,Lethrinidae,Lethrinus,miniatus,1,NA,NA,85,20210721_NF_085_Rig5_5L (1).MP4,4.4394,37351009,Scott Gray,Yes,2021-07-NorfolkIsland-BRUVS
NF_085,Muraenidae,Gymnothorax,eurostus,1,NA,NA,85,20210721_NF_085_Rig5_5L (1).MP4,5.4354,37060034,Scott Gray,Yes,2021-07-NorfolkIsland-BRUVS
NF_085,Muraenidae,Gymnothorax,porphyreus,1,NA,NA,85,20210721_NF_085_Rig5_5L (1).MP4,10.0356,37060066,Scott Gray,Yes,2021-07-NorfolkIsland-BRUVS
NF_085,Pomacentridae,Amphiprion,latezonatus,2,NA,NA,85,20210721_NF_085_Rig5_5L (1).MP4,2.0565,37372022,Scott Gray,No,2021-07-NorfolkIsland-BRUVS
NF_085,Pomacentridae,Chrysiptera,notialis,55,NA,NA,85,20210721_NF_085_Rig5_5L (1).MP4,5.5216,37372065,Scott Gray,Yes,2021-07-NorfolkIsland-BRUVS
NF_085,Pomacentridae,Parma,polylepis,1,NA,NA,85,20210721_NF_085_Rig5_5L (2).MP4,24.0118,37372096,Scott Gray,No,2021-07-NorfolkIsland-BRUVS
NF_086,Apogonidae,Taeniamia,leai,1,NA,NA,86,20210722_NF_086_Rig3_3L (2).MP4,26.6427,37327083,Scott Gray,No,2021-07-NorfolkIsland-BRUVS
NF_086,Carangidae,Seriola,lalandi,1,NA,NA,86,20210722_NF_086_Rig3_3L (2).MP4,17.9379,37337006,Scott Gray,No,2021-07-NorfolkIsland-BRUVS
NF_086,Cheilodactylidae,Cheilodactylus,ephippium,1,NA,NA,86,20210722_NF_086_Rig3_3L (1).MP4,0.0895,37377011,Scott Gray,No,2021-07-NorfolkIsland-BRUVS
NF_086,Labridae,Notolabrus,inscriptus,1,NA,NA,86,20210722_NF_086_Rig3_3L (1).MP4,8.5986,37384139,Scott Gray,No,2021-07-NorfolkIsland-BRUVS
NF_086,Labridae,Pseudolabrus,luculentus,3,NA,NA,86,20210722_NF_086_Rig3_3L (2).MP4,23.7059,37384151,Scott Gray,No,2021-07-NorfolkIsland-BRUVS
NF_086,Pomacentridae,Amphiprion,latezonatus,2,NA,NA,86,20210722_NF_086_Rig3_3L (2).MP4,29.4822,37372022,Scott Gray,No,2021-07-NorfolkIsland-BRUVS
NF_086,Pomacentridae,Chromis,hypsilepis,2,NA,NA,86,20210722_NF_086_Rig3_3L (2).MP4,29.45,37372002,Scott Gray,No,2021-07-NorfolkIsland-BRUVS
NF_086,Pomacentridae,Chrysiptera,notialis,8,NA,NA,86,20210722_NF_086_Rig3_3L (3).MP4,47.1037,37372065,Scott Gray,No,2021-07-NorfolkIsland-BRUVS
NF_086,Pomacentridae,Parma,polylepis,2,NA,NA,86,20210722_NF_086_Rig3_3L (3).MP4,41.8157,37372096,Scott Gray,No,2021-07-NorfolkIsland-BRUVS
NF_086,Pomacentridae,Stegastes,gascoynei,3,NA,NA,86,20210722_NF_086_Rig3_3L (2).MP4,22.1071,37372133,Scott Gray,No,2021-07-NorfolkIsland-BRUVS
NF_086,Scombridae,Sarda,australis,1,NA,NA,86,20210722_NF_086_Rig3_3L (2).MP4,16.987,37441020,Scott Gray,No,2021-07-NorfolkIsland-BRUVS
NF_086,Scorpididae,Atypichthys,latus,6,NA,NA,86,20210722_NF_086_Rig3_3L (1).MP4,13.5441,37361020,Scott Gray,Yes,2021-07-NorfolkIsland-BRUVS
NF_086,Tetraodontidae,Canthigaster,callisterna,1,NA,NA,86,20210722_NF_086_Rig3_3L (2).MP4,19.6096,37467038,Scott Gray,No,2021-07-NorfolkIsland-BRUVS
NF_087,Acanthuridae,Prionurus,maculatus,1,NA,NA,87,20210722_NF_087_Rig6_6L (2).MP4,21.8557,37437034,Scott Gray,No,2021-07-NorfolkIsland-BRUVS
NF_087,Apogonidae,Ostorhinchus,doederleini,1,NA,NA,87,20210722_NF_087_Rig6_6L (2).MP4,16.6016,37327053,Scott Gray,No,2021-07-NorfolkIsland-BRUVS
NF_087,Apogonidae,Ostorhinchus,flavus,11,NA,NA,87,20210722_NF_087_Rig6_6L (2).MP4,16.9041,37327126,Scott Gray,Yes,2021-07-NorfolkIsland-BRUVS
NF_087,Blenniidae,Plagiotremus,tapeinosoma,1,NA,NA,87,20210722_NF_087_Rig6_6L (1).MP4,3.712,37408076,Scott Gray,No,2021-07-NorfolkIsland-BRUVS
NF_087,Labridae,Notolabrus,inscriptus,1,NA,NA,87,20210722_NF_087_Rig6_6L (1).MP4,3.9679,37384139,Scott Gray,No,2021-07-NorfolkIsland-BRUVS
NF_087,Labridae,Pseudolabrus,luculentus,10,NA,NA,87,20210722_NF_087_Rig6_6L (1).MP4,3.751,37384151,Scott Gray,Yes,2021-07-NorfolkIsland-BRUVS
NF_087,Labridae,Thalassoma,lutescens,1,NA,NA,87,20210722_NF_087_Rig6_6L (2).MP4,19.1636,37384168,Scott Gray,No,2021-07-NorfolkIsland-BRUVS
NF_087,Muraenidae,Gymnothorax,annasona,2,NA,NA,87,20210722_NF_087_Rig6_6L (2).MP4,20.5149,37060064,Scott Gray,Yes,2021-07-NorfolkIsland-BRUVS
NF_087,Muraenidae,Gymnothorax,eurostus,1,NA,NA,87,20210722_NF_087_Rig6_6L (2).MP4,13.2165,37060034,Scott Gray,No,2021-07-NorfolkIsland-BRUVS
NF_087,Muraenidae,Gymnothorax,porphyreus,1,NA,NA,87,20210722_NF_087_Rig6_6L (1).MP4,4.9917,37060066,Scott Gray,Yes,2021-07-NorfolkIsland-BRUVS
NF_087,Pomacentridae,Amphiprion,latezonatus,2,NA,NA,87,20210722_NF_087_Rig6_6L (1).MP4,2.4602,37372022,Scott Gray,No,2021-07-NorfolkIsland-BRUVS
NF_087,Pomacentridae,Chromis,hypsilepis,2,NA,NA,87,20210722_NF_087_Rig6_6L (2).MP4,15.6606,37372002,Scott Gray,No,2021-07-NorfolkIsland-BRUVS
NF_087,Pomacentridae,Chromis,norfolkensis,87,NA,NA,87,20210722_NF_087_Rig6_6L (2).MP4,28.4084,NA,Scott Gray,No,2021-07-NorfolkIsland-BRUVS
NF_087,Pomacentridae,Chrysiptera,notialis,44,NA,NA,87,20210722_NF_087_Rig6_6L (2).MP4,14.5951,37372065,Scott Gray,Yes,2021-07-NorfolkIsland-BRUVS
NF_087,Pomacentridae,Parma,polylepis,1,NA,NA,87,20210722_NF_087_Rig6_6L (1).MP4,4.1225,37372096,Scott Gray,No,2021-07-NorfolkIsland-BRUVS
NF_087,Pomacentridae,Plectroglyphidodon,fasciolatus,1,NA,NA,87,20210722_NF_087_Rig6_6L (4).MP4,54.5345,NA,Scott Gray,No,2021-07-NorfolkIsland-BRUVS
NF_087,Serranidae,Acanthistius,cinctus,3,NA,NA,87,20210722_NF_087_Rig6_6L (2).MP4,11.7818,37311131,Scott Gray,No,2021-07-NorfolkIsland-BRUVS
NF_107,Acanthuridae,Prionurus,maculatus,3,NA,NA,107,20210723_NF_107_Rig1_1R (1).MP4,8.8155,37437034,Scott Gray,No,2021-07-NorfolkIsland-BRUVS
NF_107,Berycidae,Centroberyx,affinis,1,NA,NA,107,20210723_NF_107_Rig1_1R (2).MP4,24.9188,37258003,Scott Gray,No,2021-07-NorfolkIsland-BRUVS
NF_107,Carangidae,Pseudocaranx,spp.,5,NA,NA,107,20210723_NF_107_Rig1_1R (4).MP4,57.5002,37337924,Scott Gray,No,2021-07-NorfolkIsland-BRUVS
NF_107,Carangidae,Seriola,lalandi,3,NA,NA,107,20210723_NF_107_Rig1_1R (2).MP4,27.9679,37337006,Scott Gray,No,2021-07-NorfolkIsland-BRUVS
NF_107,Carcharhinidae,Carcharhinus,spp.,1,NA,NA,107,20210723_NF_107_Rig1_1R (1).MP4,1.9887,37018904,Scott Gray,No,2021-07-NorfolkIsland-BRUVS
NF_107,Labridae,Anampses,elegans,1,NA,NA,107,20210723_NF_107_Rig1_1R (1).MP4,13.3878,37384046,Scott Gray,No,2021-07-NorfolkIsland-BRUVS
NF_107,Labridae,Coris,bulbifrons,1,NA,NA,107,20210723_NF_107_Rig1_1R (1).MP4,7.5275,37384091,Scott Gray,No,2021-07-NorfolkIsland-BRUVS
NF_107,Labridae,Notolabrus,inscriptus,1,NA,NA,107,20210723_NF_107_Rig1_1R (1).MP4,1.9397,37384139,Scott Gray,No,2021-07-NorfolkIsland-BRUVS
NF_107,Labridae,Pseudolabrus,luculentus,3,NA,NA,107,20210723_NF_107_Rig1_1R (1).MP4,1.5237,37384151,Scott Gray,No,2021-07-NorfolkIsland-BRUVS
NF_107,Lethrinidae,Lethrinus,miniatus,17,NA,NA,107,20210723_NF_107_Rig1_1R (2).MP4,15.6595,37351009,Scott Gray,Yes,2021-07-NorfolkIsland-BRUVS
NF_107,Muraenidae,Gymnothorax,nubilus,1,NA,NA,107,20210723_NF_107_Rig1_1R (1).MP4,4.4066,37060065,Scott Gray,No,2021-07-NorfolkIsland-BRUVS
NF_107,Pomacanthidae,Chaetodontoplus,conspicillatus,2,NA,NA,107,20210723_NF_107_Rig1_1R (1).MP4,8.776,37365064,Scott Gray,No,2021-07-NorfolkIsland-BRUVS
NF_107,Pomacentridae,Chromis,hypsilepis,45,NA,NA,107,20210723_NF_107_Rig1_1R (2).MP4,20.5472,37372002,Scott Gray,No,2021-07-NorfolkIsland-BRUVS
NF_107,Pomacentridae,Chromis,norfolkensis,15,NA,NA,107,20210723_NF_107_Rig1_1R (1).MP4,0.8542,NA,Scott Gray,No,2021-07-NorfolkIsland-BRUVS
NF_107,Scorpaenidae,Scorpaena,cardinalis,1,NA,NA,107,20210723_NF_107_Rig1_1R (1).MP4,14.2643,37287830,Scott Gray,No,2021-07-NorfolkIsland-BRUVS
NF_107,Scorpididae,Atypichthys,latus,2,NA,NA,107,20210723_NF_107_Rig1_1R (1).MP4,12.2639,37361020,Scott Gray,Yes,2021-07-NorfolkIsland-BRUVS
NF_107,Serranidae,Acanthistius,cinctus,1,NA,NA,107,20210723_NF_107_Rig1_1R (3).MP4,47.1521,37311131,Scott Gray,No,2021-07-NorfolkIsland-BRUVS
NF_107,Tetraodontidae,Lagocephalus,sceleratus,1,NA,NA,107,20210723_NF_107_Rig1_1R (2).MP4,20.7346,37467007,Scott Gray,Yes,2021-07-NorfolkIsland-BRUVS
NF_107,Triakidae,Mustelus,spp.,1,NA,NA,107,20210723_NF_107_Rig1_1R (2).MP4,19.1892,37017901,Scott Gray,No,2021-07-NorfolkIsland-BRUVS
NF_117,Carangidae,Pseudocaranx,spp.,1,NA,NA,117,20210721_NF_117_Rig6_6L (2).MP4,24.3421,37337924,Scott Gray,No,2021-07-NorfolkIsland-BRUVS
NF_117,Carcharhinidae,Carcharhinus,spp.,2,NA,NA,117,20210721_NF_117_Rig6_6L (4).MP4,51.1088,37018904,Scott Gray,No,2021-07-NorfolkIsland-BRUVS
NF_117,Labridae,Coris,picta,2,NA,NA,117,20210721_NF_117_Rig6_6L (4).MP4,47.7004,37384095,Scott Gray,No,2021-07-NorfolkIsland-BRUVS
NF_117,Labridae,Pseudolabrus,luculentus,4,NA,NA,117,20210721_NF_117_Rig6_6L (2).MP4,10.0656,37384151,Scott Gray,Yes,2021-07-NorfolkIsland-BRUVS
NF_117,Labridae,Suezichthys,arquatus,1,NA,NA,117,20210721_NF_117_Rig6_6L (1).MP4,3.6136,37384158,Scott Gray,No,2021-07-NorfolkIsland-BRUVS
NF_117,Lethrinidae,Lethrinus,miniatus,3,NA,NA,117,20210721_NF_117_Rig6_6L (3).MP4,42.0726,37351009,Scott Gray,Yes,2021-07-NorfolkIsland-BRUVS
NF_117,Muraenidae,Gymnothorax,eurostus,1,NA,NA,117,20210721_NF_117_Rig6_6L (1).MP4,7.2317,37060034,Scott Gray,No,2021-07-NorfolkIsland-BRUVS
NF_117,Muraenidae,Gymnothorax,nubilus,2,NA,NA,117,20210721_NF_117_Rig6_6L (3).MP4,35.6912,37060065,Scott Gray,Yes,2021-07-NorfolkIsland-BRUVS
NF_117,Muraenidae,Gymnothorax,porphyreus,2,NA,NA,117,20210721_NF_117_Rig6_6L (2).MP4,21.5565,37060066,Scott Gray,Yes,2021-07-NorfolkIsland-BRUVS
NF_117,Pomacanthidae,Chaetodontoplus,conspicillatus,2,NA,NA,117,20210721_NF_117_Rig6_6L (4).MP4,53.2226,37365064,Scott Gray,No,2021-07-NorfolkIsland-BRUVS
NF_117,Synodontidae,Trachinocephalus,trachinus,2,NA,NA,117,20210721_NF_117_Rig6_6L (3).MP4,32.6215,37118002,Scott Gray,No,2021-07-NorfolkIsland-BRUVS
NF_117,Tetraodontidae,Canthigaster,callisterna,1,NA,NA,117,20210721_NF_117_Rig6_6L (1).MP4,1.8824,37467038,Scott Gray,No,2021-07-NorfolkIsland-BRUVS
NF_117,Tetraodontidae,Torquigener,altipinnis,1,NA,NA,117,20210721_NF_117_Rig6_6L (2).MP4,16.3591,37467056,Scott Gray,No,2021-07-NorfolkIsland-BRUVS
NF_119,Apogonidae,Ostorhinchus,doederleini,13,NA,NA,119,20210721_NF_119_Rig3_3L (2).MP4,27.7288,37327053,Scott Gray,Yes,2021-07-NorfolkIsland-BRUVS
NF_119,Apogonidae,Ostorhinchus,flavus,21,NA,NA,119,20210721_NF_119_Rig3_3L (2).MP4,21.1823,37327126,Scott Gray,No,2021-07-NorfolkIsland-BRUVS
NF_119,Carangidae,Pseudocaranx,spp.,6,NA,NA,119,20210721_NF_119_Rig3_3L (4).MP4,56.7979,37337924,Scott Gray,No,2021-07-NorfolkIsland-BRUVS
NF_119,Carangidae,Seriola,lalandi,1,NA,NA,119,20210721_NF_119_Rig3_3L (3).MP4,36.0282,37337006,Scott Gray,No,2021-07-NorfolkIsland-BRUVS
NF_119,Grammistidae,Aulacocephalus,temminckii,2,NA,NA,119,20210721_NF_119_Rig3_3L (1).MP4,4.1781,37312003,Scott Gray,No,2021-07-NorfolkIsland-BRUVS
NF_119,Kyphosidae,Kyphosus,spp.,13,NA,NA,119,20210721_NF_119_Rig3_3L (1).MP4,8.2488,37361903,Scott Gray,No,2021-07-NorfolkIsland-BRUVS
NF_119,Labridae,Notolabrus,inscriptus,1,NA,NA,119,20210721_NF_119_Rig3_3L (1).MP4,0.9921,37384139,Scott Gray,No,2021-07-NorfolkIsland-BRUVS
NF_119,Labridae,Pseudolabrus,luculentus,5,NA,NA,119,20210721_NF_119_Rig3_3L (1).MP4,1.4976,37384151,Scott Gray,Yes,2021-07-NorfolkIsland-BRUVS
NF_119,Lethrinidae,Lethrinus,miniatus,2,NA,NA,119,20210721_NF_119_Rig3_3L (4).MP4,48.4729,37351009,Scott Gray,Yes,2021-07-NorfolkIsland-BRUVS
NF_119,Muraenidae,Gymnothorax,eurostus,2,NA,NA,119,20210721_NF_119_Rig3_3L (1).MP4,8.3611,37060034,Scott Gray,Yes,2021-07-NorfolkIsland-BRUVS
NF_119,Muraenidae,Gymnothorax,nubilus,1,NA,NA,119,20210721_NF_119_Rig3_3L (2).MP4,22.2639,37060065,Scott Gray,Yes,2021-07-NorfolkIsland-BRUVS
NF_119,Pomacentridae,Chromis,hypsilepis,2,NA,NA,119,20210721_NF_119_Rig3_3L (3).MP4,38.2755,37372002,Scott Gray,No,2021-07-NorfolkIsland-BRUVS
NF_119,Pomacentridae,Chromis,norfolkensis,2,NA,NA,119,20210721_NF_119_Rig3_3L (2).MP4,16.1005,NA,Scott Gray,No,2021-07-NorfolkIsland-BRUVS
NF_119,Pomacentridae,Chrysiptera,notialis,2,NA,NA,119,20210721_NF_119_Rig3_3L (1).MP4,3.4974,37372065,Scott Gray,No,2021-07-NorfolkIsland-BRUVS
NF_119,Pomacentridae,Plectroglyphidodon,fasciolatus,1,NA,NA,119,20210721_NF_119_Rig3_3L (1).MP4,6.1578,NA,Scott Gray,No,2021-07-NorfolkIsland-BRUVS
NF_119,Serranidae,Acanthistius,cinctus,3,NA,NA,119,20210721_NF_119_Rig3_3L (2).MP4,16.982,37311131,Scott Gray,Yes,2021-07-NorfolkIsland-BRUVS
NF_119,Serranidae,Trachypoma,macracanthus,1,NA,NA,119,20210721_NF_119_Rig3_3L (1).MP4,0.3754,37311164,Scott Gray,No,2021-07-NorfolkIsland-BRUVS
NF_120,Apogonidae,Ostorhinchus,flavus,9,NA,NA,120,20210723_NF_120_Rig3_3L (2).MP4,27.5764,37327126,Scott Gray,No,2021-07-NorfolkIsland-BRUVS
NF_120,Blenniidae,Plagiotremus,tapeinosoma,4,NA,NA,120,20210723_NF_120_Rig3_3L (1).MP4,7.3929,37408076,Scott Gray,No,2021-07-NorfolkIsland-BRUVS
NF_120,Carangidae,Pseudocaranx,spp.,31,NA,NA,120,20210723_NF_120_Rig3_3L (3).MP4,30.7246,37337924,Scott Gray,No,2021-07-NorfolkIsland-BRUVS
NF_120,Carangidae,Seriola,lalandi,7,NA,NA,120,20210723_NF_120_Rig3_3L (1).MP4,9.8237,37337006,Scott Gray,No,2021-07-NorfolkIsland-BRUVS
NF_120,Carcharhinidae,Carcharhinus,spp.,1,NA,NA,120,20210723_NF_120_Rig3_3L (4).MP4,50.9915,37018904,Scott Gray,No,2021-07-NorfolkIsland-BRUVS
NF_120,Carcharhinidae,Carcharhinus,plumbeus,1,NA,NA,120,20210723_NF_120_Rig3_3L (2).MP4,17.2622,37018007,Scott Gray,No,2021-07-NorfolkIsland-BRUVS
NF_120,Cheilodactylidae,Cheilodactylus,ephippium,1,NA,NA,120,20210723_NF_120_Rig3_3L (1).MP4,11.0661,37377011,Scott Gray,No,2021-07-NorfolkIsland-BRUVS
NF_120,Labridae,Notolabrus,inscriptus,1,NA,NA,120,20210723_NF_120_Rig3_3L (1).MP4,2.9791,37384139,Scott Gray,No,2021-07-NorfolkIsland-BRUVS
NF_120,Labridae,Pseudolabrus,luculentus,3,NA,NA,120,20210723_NF_120_Rig3_3L (1).MP4,2.7956,37384151,Scott Gray,No,2021-07-NorfolkIsland-BRUVS
NF_120,Lethrinidae,Lethrinus,miniatus,2,NA,NA,120,20210723_NF_120_Rig3_3L (2).MP4,29.3249,37351009,Scott Gray,Yes,2021-07-NorfolkIsland-BRUVS
NF_120,Monacanthidae,Thamnaconus,analis,1,NA,NA,120,20210723_NF_120_Rig3_3L (1).MP4,1.0961,37465084,Scott Gray,Yes,2021-07-NorfolkIsland-BRUVS
NF_120,Muraenidae,Gymnothorax,annasona,1,NA,NA,120,20210723_NF_120_Rig3_3L (3).MP4,35.942,37060064,Scott Gray,Yes,2021-07-NorfolkIsland-BRUVS
NF_120,Muraenidae,Gymnothorax,nubilus,1,NA,NA,120,20210723_NF_120_Rig3_3L (1).MP4,11.4142,37060065,Scott Gray,No,2021-07-NorfolkIsland-BRUVS
NF_120,Muraenidae,Gymnothorax,porphyreus,1,NA,NA,120,20210723_NF_120_Rig3_3L (1).MP4,6.4298,37060066,Scott Gray,No,2021-07-NorfolkIsland-BRUVS
NF_120,Pomacanthidae,Chaetodontoplus,conspicillatus,2,NA,NA,120,20210723_NF_120_Rig3_3L (3).MP4,40.8686,37365064,Scott Gray,No,2021-07-NorfolkIsland-BRUVS
NF_120,Pomacentridae,Chromis,norfolkensis,82,NA,NA,120,20210723_NF_120_Rig3_3L (1).MP4,4.0401,NA,Scott Gray,No,2021-07-NorfolkIsland-BRUVS
NF_120,Pomacentridae,Chrysiptera,notialis,47,NA,NA,120,20210723_NF_120_Rig3_3L (2).MP4,24.8103,37372065,Scott Gray,No,2021-07-NorfolkIsland-BRUVS
NF_120,Pomacentridae,Plectroglyphidodon,fasciolatus,1,NA,NA,120,20210723_NF_120_Rig3_3L (2).MP4,24.2092,NA,Scott Gray,No,2021-07-NorfolkIsland-BRUVS
NF_120,Scorpaenidae,Scorpaena,cardinalis,2,NA,NA,120,20210723_NF_120_Rig3_3L (4).MP4,55.8558,37287830,Scott Gray,No,2021-07-NorfolkIsland-BRUVS
NF_120,Serranidae,Acanthistius,cinctus,2,NA,NA,120,20210723_NF_120_Rig3_3L (1).MP4,6.0622,37311131,Scott Gray,No,2021-07-NorfolkIsland-BRUVS
NF_120,Serranidae,Epinephelus,rivulatus,2,NA,NA,120,20210723_NF_120_Rig3_3L (1).MP4,4.5646,37311022,Scott Gray,Yes,2021-07-NorfolkIsland-BRUVS
NF_135,Apogonidae,Ostorhinchus,doederleini,1,NA,NA,135,20210722_NF_135_Rig4_4L (1).MP4,5.7457,37327053,Scott Gray,No,2021-07-NorfolkIsland-BRUVS
NF_135,Apogonidae,Ostorhinchus,flavus,5,NA,NA,135,20210722_NF_135_Rig4_4L (3).MP4,35.5183,37327126,Scott Gray,Yes,2021-07-NorfolkIsland-BRUVS
NF_135,Apogonidae,Taeniamia,leai,26,NA,NA,135,20210722_NF_135_Rig4_4L (2).MP4,29.703,37327083,Scott Gray,Yes,2021-07-NorfolkIsland-BRUVS
NF_135,Blenniidae,Plagiotremus,tapeinosoma,7,NA,NA,135,20210722_NF_135_Rig4_4L (1).MP4,1.5343,37408076,Scott Gray,No,2021-07-NorfolkIsland-BRUVS
NF_135,Caesionidae,Pterocaesio,trilineata,30,NA,NA,135,20210722_NF_135_Rig4_4L (3).MP4,36.3647,37346051,Scott Gray,No,2021-07-NorfolkIsland-BRUVS
NF_135,Carangidae,Seriola,lalandi,2,NA,NA,135,20210722_NF_135_Rig4_4L (2).MP4,22.8056,37337006,Scott Gray,No,2021-07-NorfolkIsland-BRUVS
NF_135,Labridae,Pseudolabrus,luculentus,5,NA,NA,135,20210722_NF_135_Rig4_4L (3).MP4,45.159,37384151,Scott Gray,No,2021-07-NorfolkIsland-BRUVS
NF_135,Muraenidae,Gymnothorax,annasona,2,NA,NA,135,20210722_NF_135_Rig4_4L (4).MP4,56.1055,37060064,Scott Gray,Yes,2021-07-NorfolkIsland-BRUVS
NF_135,Pomacentridae,Amphiprion,latezonatus,1,NA,NA,135,20210722_NF_135_Rig4_4L (4).MP4,54.361,37372022,Scott Gray,No,2021-07-NorfolkIsland-BRUVS
NF_135,Pomacentridae,Chromis,hypsilepis,1,NA,NA,135,20210722_NF_135_Rig4_4L (4).MP4,50.095,37372002,Scott Gray,No,2021-07-NorfolkIsland-BRUVS
NF_135,Pomacentridae,Chromis,norfolkensis,65,NA,NA,135,20210722_NF_135_Rig4_4L (1).MP4,4.2353,NA,Scott Gray,No,2021-07-NorfolkIsland-BRUVS
NF_135,Pomacentridae,Chrysiptera,notialis,17,NA,NA,135,20210722_NF_135_Rig4_4L (1).MP4,3.8772,37372065,Scott Gray,Yes,2021-07-NorfolkIsland-BRUVS
NF_135,Pomacentridae,Parma,polylepis,1,NA,NA,135,20210722_NF_135_Rig4_4L (3).MP4,47.1271,37372096,Scott Gray,No,2021-07-NorfolkIsland-BRUVS
NF_135,Serranidae,Acanthistius,cinctus,1,NA,NA,135,20210722_NF_135_Rig4_4L (1).MP4,8.305,37311131,Scott Gray,No,2021-07-NorfolkIsland-BRUVS
NF_153,Apogonidae,Ostorhinchus,doederleini,3,NA,NA,153,20210722_NF_153_Rig4_4L (1).MP4,12.542,37327053,Scott Gray,No,2021-07-NorfolkIsland-BRUVS
NF_153,Apogonidae,Ostorhinchus,flavus,2,NA,NA,153,20210722_NF_153_Rig4_4L (1).MP4,10.7296,37327126,Scott Gray,No,2021-07-NorfolkIsland-BRUVS
NF_153,Apogonidae,Ostorhinchus,norfolcensis,2,NA,NA,153,20210722_NF_153_Rig4_4L (4).MP4,59.1296,37327124,Scott Gray,No,2021-07-NorfolkIsland-BRUVS
NF_153,Apogonidae,Taeniamia,leai,9,NA,NA,153,20210722_NF_153_Rig4_4L (2).MP4,18.2916,37327083,Scott Gray,No,2021-07-NorfolkIsland-BRUVS
NF_153,Blenniidae,Plagiotremus,tapeinosoma,7,NA,NA,153,20210722_NF_153_Rig4_4L (1).MP4,2.4569,37408076,Scott Gray,No,2021-07-NorfolkIsland-BRUVS
NF_153,Cirrhitidae,Notocirrhitus,splendens,1,NA,NA,153,20210722_NF_153_Rig4_4L (2).MP4,21.8335,37374012,Scott Gray,No,2021-07-NorfolkIsland-BRUVS
NF_153,Labridae,Coris,sandeyeri,1,NA,NA,153,20210722_NF_153_Rig4_4L (4).MP4,55.1735,37384097,Scott Gray,No,2021-07-NorfolkIsland-BRUVS
NF_153,Labridae,Notolabrus,inscriptus,1,NA,NA,153,20210722_NF_153_Rig4_4L (1).MP4,0.6529,37384139,Scott Gray,No,2021-07-NorfolkIsland-BRUVS
NF_153,Labridae,Pseudolabrus,luculentus,6,NA,NA,153,20210722_NF_153_Rig4_4L (1).MP4,8.2238,37384151,Scott Gray,No,2021-07-NorfolkIsland-BRUVS
NF_153,Muraenidae,Gymnothorax,annasona,1,NA,NA,153,20210722_NF_153_Rig4_4L (3).MP4,37.4975,37060064,Scott Gray,Yes,2021-07-NorfolkIsland-BRUVS
NF_153,Muraenidae,Gymnothorax,meleagris,1,NA,NA,153,20210722_NF_153_Rig4_4L (1).MP4,6.571,37060045,Scott Gray,No,2021-07-NorfolkIsland-BRUVS
NF_153,Muraenidae,Gymnothorax,nubilus,1,NA,NA,153,20210722_NF_153_Rig4_4L (2).MP4,27.3012,37060065,Scott Gray,No,2021-07-NorfolkIsland-BRUVS
NF_153,Muraenidae,Gymnothorax,porphyreus,1,NA,NA,153,20210722_NF_153_Rig4_4L (1).MP4,6.7807,37060066,Scott Gray,Yes,2021-07-NorfolkIsland-BRUVS
NF_153,Pomacentridae,Chrysiptera,notialis,13,NA,NA,153,20210722_NF_153_Rig4_4L (3).MP4,38.8188,37372065,Scott Gray,No,2021-07-NorfolkIsland-BRUVS
NF_153,Pomacentridae,Plectroglyphidodon,fasciolatus,1,NA,NA,153,20210722_NF_153_Rig4_4L (1).MP4,6.3975,NA,Scott Gray,No,2021-07-NorfolkIsland-BRUVS
NF_153,Serranidae,Acanthistius,cinctus,1,NA,NA,153,20210722_NF_153_Rig4_4L (1).MP4,10.7074,37311131,Scott Gray,No,2021-07-NorfolkIsland-BRUVS
NF_154,Carangidae,Pseudocaranx,spp.,2,NA,NA,154,20210723_NF_154_Rig6_6L (1).MP4,9.5684,37337924,Scott Gray,No,2021-07-NorfolkIsland-BRUVS
NF_154,Carangidae,Seriola,lalandi,1,NA,NA,154,20210723_NF_154_Rig6_6L (3).MP4,46.8891,37337006,Scott Gray,No,2021-07-NorfolkIsland-BRUVS
NF_154,Carcharhinidae,Carcharhinus,spp.,1,NA,NA,154,20210723_NF_154_Rig6_6L (1).MP4,11.3474,37018904,Scott Gray,No,2021-07-NorfolkIsland-BRUVS
NF_154,Labridae,Suezichthys,arquatus,2,NA,NA,154,20210723_NF_154_Rig6_6L (1).MP4,2.5375,37384158,Scott Gray,No,2021-07-NorfolkIsland-BRUVS
NF_154,Lethrinidae,Lethrinus,miniatus,4,NA,NA,154,20210723_NF_154_Rig6_6L (1).MP4,13.0124,37351009,Scott Gray,Yes,2021-07-NorfolkIsland-BRUVS
NF_154,Muraenidae,Gymnothorax,nubilus,3,NA,NA,154,20210723_NF_154_Rig6_6L (3).MP4,50.3703,37060065,Scott Gray,Yes,2021-07-NorfolkIsland-BRUVS
NF_157,Dasyatidae,Bathytoshia,brevicaudata,1,NA,NA,157,20210722_NF_157_Rig2_2L (2).MP4,22.5453,37035001,Scott Gray,No,2021-07-NorfolkIsland-BRUVS
NF_157,Muraenidae,Gymnothorax,nubilus,2,NA,NA,157,20210722_NF_157_Rig2_2L (4).MP4,53.603,37060065,Scott Gray,Yes,2021-07-NorfolkIsland-BRUVS
NF_157,Synodontidae,Trachinocephalus,trachinus,1,NA,NA,157,20210722_NF_157_Rig2_2L (2).MP4,17.6421,37118002,Scott Gray,No,2021-07-NorfolkIsland-BRUVS
NF_157,Tetraodontidae,Lagocephalus,sceleratus,2,NA,NA,157,20210722_NF_157_Rig2_2L (2).MP4,25.0478,37467007,Scott Gray,No,2021-07-NorfolkIsland-BRUVS
NF_157,Tetraodontidae,Torquigener,altipinnis,12,NA,NA,157,20210722_NF_157_Rig2_2L (2).MP4,24.7742,37467056,Scott Gray,Yes,2021-07-NorfolkIsland-BRUVS
NF_162,Congridae,Diploconger,polystigmatus,1,NA,NA,162,20210722_NF_162_Rig4_4L (1).MP4,3.1854,37067009,Scott Gray,No,2021-07-NorfolkIsland-BRUVS
NF_162,Labridae,Coris,picta,6,NA,NA,162,20210722_NF_162_Rig4_4L (4).MP4,58.8388,37384095,Scott Gray,Yes,2021-07-NorfolkIsland-BRUVS
NF_162,Labridae,Cymolutes,praetextatus,3,NA,NA,162,20210722_NF_162_Rig4_4L (1).MP4,7.7889,37384099,Scott Gray,No,2021-07-NorfolkIsland-BRUVS
NF_162,Muraenidae,Gymnothorax,nubilus,2,NA,NA,162,20210722_NF_162_Rig4_4L (3).MP4,38.623,37060065,Scott Gray,No,2021-07-NorfolkIsland-BRUVS
NF_162,Tetraodontidae,Lagocephalus,sceleratus,3,NA,NA,162,20210722_NF_162_Rig4_4L (3).MP4,32.9424,37467007,Scott Gray,Yes,2021-07-NorfolkIsland-BRUVS
NF_162,Tetraodontidae,Torquigener,altipinnis,4,NA,NA,162,20210722_NF_162_Rig4_4L (1).MP4,7.0621,37467056,Scott Gray,Yes,2021-07-NorfolkIsland-BRUVS
NF_163,Acanthuridae,Prionurus,maculatus,2,NA,NA,163,20210722_NF_163_Rig8_8L (1).MP4,1.9253,37437034,Scott Gray,No,2021-07-NorfolkIsland-BRUVS
NF_163,Aplodactylidae,Aplodactylus,etheridgii,1,NA,NA,163,20210722_NF_163_Rig8_8L (2).MP4,22.0787,37376003,Scott Gray,No,2021-07-NorfolkIsland-BRUVS
NF_163,Apogonidae,Ostorhinchus,flavus,6,NA,NA,163,20210722_NF_163_Rig8_8L (2).MP4,14.2025,37327126,Scott Gray,No,2021-07-NorfolkIsland-BRUVS
NF_163,Blenniidae,Plagiotremus,tapeinosoma,2,NA,NA,163,20210722_NF_163_Rig8_8L (2).MP4,21.4147,37408076,Scott Gray,No,2021-07-NorfolkIsland-BRUVS
NF_163,Carangidae,Pseudocaranx,spp.,17,NA,NA,163,20210722_NF_163_Rig8_8L (1).MP4,4.5051,37337924,Scott Gray,No,2021-07-NorfolkIsland-BRUVS
NF_163,Carangidae,Seriola,lalandi,2,NA,NA,163,20210722_NF_163_Rig8_8L (1).MP4,1.2095,37337006,Scott Gray,No,2021-07-NorfolkIsland-BRUVS
NF_163,Carangidae,Seriola,rivoliana,2,NA,NA,163,20210722_NF_163_Rig8_8L (1).MP4,1.1773,37337052,Scott Gray,No,2021-07-NorfolkIsland-BRUVS
NF_163,Carcharhinidae,Carcharhinus,spp.,1,NA,NA,163,20210722_NF_163_Rig8_8L (1).MP4,11.1706,37018904,Scott Gray,No,2021-07-NorfolkIsland-BRUVS
NF_163,Cirrhitidae,Notocirrhitus,splendens,1,NA,NA,163,20210722_NF_163_Rig8_8L (1).MP4,8.0158,37374012,Scott Gray,No,2021-07-NorfolkIsland-BRUVS
NF_163,Labridae,Notolabrus,inscriptus,1,NA,NA,163,20210722_NF_163_Rig8_8L (1).MP4,0.045,37384139,Scott Gray,No,2021-07-NorfolkIsland-BRUVS
NF_163,Labridae,Pseudolabrus,luculentus,8,NA,NA,163,20210722_NF_163_Rig8_8L (1).MP4,0.6985,37384151,Scott Gray,Yes,2021-07-NorfolkIsland-BRUVS
NF_163,Lethrinidae,Lethrinus,miniatus,1,NA,NA,163,20210722_NF_163_Rig8_8L (1).MP4,3.0508,37351009,Scott Gray,No,2021-07-NorfolkIsland-BRUVS
NF_163,Muraenidae,Gymnothorax,porphyreus,1,NA,NA,163,20210722_NF_163_Rig8_8L (1).MP4,4.8571,37060066,Scott Gray,Yes,2021-07-NorfolkIsland-BRUVS
NF_163,Pomacanthidae,Centropyge,tibicen,1,NA,NA,163,20210722_NF_163_Rig8_8L (2).MP4,21.1361,37365031,Scott Gray,No,2021-07-NorfolkIsland-BRUVS
NF_163,Pomacanthidae,Chaetodontoplus,conspicillatus,2,NA,NA,163,20210722_NF_163_Rig8_8L (1).MP4,2.6966,37365064,Scott Gray,No,2021-07-NorfolkIsland-BRUVS
NF_163,Pomacentridae,Chromis,hypsilepis,1,NA,NA,163,20210722_NF_163_Rig8_8L (3).MP4,45.1946,37372002,Scott Gray,No,2021-07-NorfolkIsland-BRUVS
NF_163,Pomacentridae,Chromis,norfolkensis,18,NA,NA,163,20210722_NF_163_Rig8_8L (2).MP4,24.5289,NA,Scott Gray,No,2021-07-NorfolkIsland-BRUVS
NF_163,Pomacentridae,Chrysiptera,notialis,26,NA,NA,163,20210722_NF_163_Rig8_8L (1).MP4,1.2763,37372065,Scott Gray,No,2021-07-NorfolkIsland-BRUVS
NF_163,Pomacentridae,Parma,polylepis,2,NA,NA,163,20210722_NF_163_Rig8_8L (2).MP4,17.5848,37372096,Scott Gray,No,2021-07-NorfolkIsland-BRUVS
NF_163,Serranidae,Acanthistius,cinctus,2,NA,NA,163,20210722_NF_163_Rig8_8L (1).MP4,6.5693,37311131,Scott Gray,No,2021-07-NorfolkIsland-BRUVS
NF_164,Carangidae,Pseudocaranx,spp.,1,NA,NA,164,20210722_NF_164_Rig6_6L (4).MP4,59.6357,37337924,Scott Gray,No,2021-07-NorfolkIsland-BRUVS
NF_164,Labridae,Coris,picta,1,NA,NA,164,20210722_NF_164_Rig6_6L (2).MP4,25.5199,37384095,Scott Gray,Yes,2021-07-NorfolkIsland-BRUVS
NF_164,Labridae,Suezichthys,arquatus,3,NA,NA,164,20210722_NF_164_Rig6_6L (2).MP4,28.4673,37384158,Scott Gray,No,2021-07-NorfolkIsland-BRUVS
NF_164,Lethrinidae,Lethrinus,miniatus,3,NA,NA,164,20210722_NF_164_Rig6_6L (1).MP4,6.1667,37351009,Scott Gray,Yes,2021-07-NorfolkIsland-BRUVS
NF_164,Muraenidae,Gymnothorax,nubilus,2,NA,NA,164,20210722_NF_164_Rig6_6L (2).MP4,14.143,37060065,Scott Gray,Yes,2021-07-NorfolkIsland-BRUVS
NF_164,Pinguipedidae,Parapercis,colemani,2,NA,NA,164,20210722_NF_164_Rig6_6L (1).MP4,2.6704,37390035,Scott Gray,No,2021-07-NorfolkIsland-BRUVS
NF_166,Diogenidae,Diogenidae,sp.,1,NA,NA,166,20210722_NF_166_Rig2_2L (4).MP4,44.3137,28827000,Scott Gray,Yes,2021-07-NorfolkIsland-BRUVS
NF_166,Labridae,Iniistius,jacksonensis,2,NA,NA,166,20210722_NF_166_Rig2_2L (4).MP4,46.1328,37384012,Scott Gray,Yes,2021-07-NorfolkIsland-BRUVS
NF_166,Tetraodontidae,Lagocephalus,sceleratus,2,NA,NA,166,20210722_NF_166_Rig2_2L (3).MP4,23.504,37467007,Scott Gray,No,2021-07-NorfolkIsland-BRUVS
NF_166,Tetraodontidae,Torquigener,altipinnis,11,NA,NA,166,20210722_NF_166_Rig2_2L (5).MP4,52.4018,37467056,Scott Gray,Yes,2021-07-NorfolkIsland-BRUVS
NF_167,Carangidae,Pseudocaranx,spp.,22,NA,NA,167,20210722_NF_167_Rig2_2L (3).MP4,36.8457,37337924,Scott Gray,No,2021-07-NorfolkIsland-BRUVS
NF_167,Carangidae,Seriola,lalandi,1,NA,NA,167,20210722_NF_167_Rig2_2L (2).MP4,17.8923,37337006,Scott Gray,No,2021-07-NorfolkIsland-BRUVS
NF_167,Labridae,Notolabrus,inscriptus,1,NA,NA,167,20210722_NF_167_Rig2_2L (2).MP4,25.3303,37384139,Scott Gray,No,2021-07-NorfolkIsland-BRUVS
NF_167,Labridae,Pseudolabrus,luculentus,5,NA,NA,167,20210722_NF_167_Rig2_2L (1).MP4,9.7798,37384151,Scott Gray,Yes,2021-07-NorfolkIsland-BRUVS
NF_167,Lethrinidae,Lethrinus,miniatus,2,NA,NA,167,20210722_NF_167_Rig2_2L (3).MP4,42.8912,37351009,Scott Gray,Yes,2021-07-NorfolkIsland-BRUVS
NF_167,Muraenidae,Gymnothorax,nubilus,1,NA,NA,167,20210722_NF_167_Rig2_2L (1).MP4,2.9491,37060065,Scott Gray,Yes,2021-07-NorfolkIsland-BRUVS
NF_167,Pomacanthidae,Chaetodontoplus,conspicillatus,1,NA,NA,167,20210722_NF_167_Rig2_2L (4).MP4,59.4766,37365064,Scott Gray,No,2021-07-NorfolkIsland-BRUVS
NF_167,Pomacentridae,Amphiprion,latezonatus,1,NA,NA,167,20210722_NF_167_Rig2_2L (1).MP4,9.6235,37372022,Scott Gray,No,2021-07-NorfolkIsland-BRUVS
NF_167,Pomacentridae,Chromis,hypsilepis,1,NA,NA,167,20210722_NF_167_Rig2_2L (1).MP4,4.6713,37372002,Scott Gray,No,2021-07-NorfolkIsland-BRUVS
NF_167,Serranidae,Epinephelus,rivulatus,1,NA,NA,167,20210722_NF_167_Rig2_2L (1).MP4,3.1871,37311022,Scott Gray,Yes,2021-07-NorfolkIsland-BRUVS
NF_167,Tetraodontidae,Canthigaster,callisterna,1,NA,NA,167,20210722_NF_167_Rig2_2L (1).MP4,5.9699,37467038,Scott Gray,Yes,2021-07-NorfolkIsland-BRUVS
NF_167,Tetraodontidae,Torquigener,altipinnis,1,NA,NA,167,20210722_NF_167_Rig2_2L (3).MP4,36.214,37467056,Scott Gray,No,2021-07-NorfolkIsland-BRUVS
NF_175,Carangidae,Pseudocaranx,spp.,4,NA,NA,175,20210723_NF_175_Rig5_5L (1).MP4,13.4646,37337924,Scott Gray,No,2021-07-NorfolkIsland-BRUVS
NF_175,Carangidae,Seriola,lalandi,1,NA,NA,175,20210723_NF_175_Rig5_5L (1).MP4,9.3232,37337006,Scott Gray,No,2021-07-NorfolkIsland-BRUVS
NF_175,Carcharhinidae,Carcharhinus,spp.,1,NA,NA,175,20210723_NF_175_Rig5_5L (2).MP4,25.4738,37018904,Scott Gray,Yes,2021-07-NorfolkIsland-BRUVS
NF_175,Kyphosidae,Kyphosus,spp.,2,NA,NA,175,20210723_NF_175_Rig5_5L (1).MP4,4.6958,37361903,Scott Gray,No,2021-07-NorfolkIsland-BRUVS
NF_175,Lethrinidae,Lethrinus,miniatus,2,NA,NA,175,20210723_NF_175_Rig5_5L (3).MP4,39.9054,37351009,Scott Gray,Yes,2021-07-NorfolkIsland-BRUVS
NF_175,Muraenidae,Gymnothorax,nubilus,4,NA,NA,175,20210723_NF_175_Rig5_5L (2).MP4,23.8099,37060065,Scott Gray,Yes,2021-07-NorfolkIsland-BRUVS
NF_175,Tetraodontidae,Torquigener,altipinnis,1,NA,NA,175,20210723_NF_175_Rig5_5L (4).MP4,54.5912,37467056,Scott Gray,No,2021-07-NorfolkIsland-BRUVS
NF_186,Dasyatidae,Bathytoshia,brevicaudata,1,NA,NA,186,20210722_NF_186_Rig3_3L (2).MP4,29.9104,37035001,Scott Gray,No,2021-07-NorfolkIsland-BRUVS
NF_186,Plotosidae,Plotosus,lineatus,4,NA,NA,186,20210722_NF_186_Rig3_3L (2).MP4,14.4561,37192002,Scott Gray,No,2021-07-NorfolkIsland-BRUVS
NF_186,Synodontidae,Trachinocephalus,trachinus,1,NA,NA,186,20210722_NF_186_Rig3_3L (2).MP4,20.0845,37118002,Scott Gray,No,2021-07-NorfolkIsland-BRUVS
NF_186,Tetraodontidae,Lagocephalus,sceleratus,4,NA,NA,186,20210722_NF_186_Rig3_3L (4).MP4,59.3415,37467007,Scott Gray,Yes,2021-07-NorfolkIsland-BRUVS
NF_187,Apogonidae,Ostorhinchus,doederleini,4,NA,NA,187,20210721_NF_187_Rig7_7L (2).MP4,27.6104,37327053,Scott Gray,No,2021-07-NorfolkIsland-BRUVS
NF_187,Blenniidae,Plagiotremus,tapeinosoma,2,NA,NA,187,20210721_NF_187_Rig7_7L (1).MP4,2.9007,37408076,Scott Gray,No,2021-07-NorfolkIsland-BRUVS
NF_187,Carangidae,Pseudocaranx,spp.,1,NA,NA,187,20210721_NF_187_Rig7_7L (4).MP4,54.2726,37337924,Scott Gray,No,2021-07-NorfolkIsland-BRUVS
NF_187,Carangidae,Seriola,lalandi,1,NA,NA,187,20210721_NF_187_Rig7_7L (4).MP4,57.8901,37337006,Scott Gray,No,2021-07-NorfolkIsland-BRUVS
NF_187,Carcharhinidae,Carcharhinus,spp.,1,NA,NA,187,20210721_NF_187_Rig7_7L (3).MP4,34.8504,37018904,Scott Gray,No,2021-07-NorfolkIsland-BRUVS
NF_187,Grammistidae,Aulacocephalus,temminckii,1,NA,NA,187,20210721_NF_187_Rig7_7L (1).MP4,11.1762,37312003,Scott Gray,No,2021-07-NorfolkIsland-BRUVS
NF_187,Labridae,Anampses,elegans,1,NA,NA,187,20210721_NF_187_Rig7_7L (2).MP4,21.8363,37384046,Scott Gray,No,2021-07-NorfolkIsland-BRUVS
NF_187,Labridae,Coris,sandeyeri,5,NA,NA,187,20210721_NF_187_Rig7_7L (2).MP4,22.1071,37384097,Scott Gray,No,2021-07-NorfolkIsland-BRUVS
NF_187,Labridae,Pseudolabrus,luculentus,12,NA,NA,187,20210721_NF_187_Rig7_7L (1).MP4,9.1975,37384151,Scott Gray,Yes,2021-07-NorfolkIsland-BRUVS
NF_187,Lethrinidae,Lethrinus,miniatus,2,NA,NA,187,20210721_NF_187_Rig7_7L (2).MP4,25.6028,37351009,Scott Gray,Yes,2021-07-NorfolkIsland-BRUVS
NF_187,Malacanthidae,Malacanthidae,sp.,1,NA,NA,187,20210721_NF_187_Rig7_7L (2).MP4,19.5929,37331000,Scott Gray,No,2021-07-NorfolkIsland-BRUVS
NF_187,Muraenidae,Gymnothorax,annasona,1,NA,NA,187,20210721_NF_187_Rig7_7L (1).MP4,6.437,37060064,Scott Gray,Yes,2021-07-NorfolkIsland-BRUVS
NF_187,Muraenidae,Gymnothorax,eurostus,1,NA,NA,187,20210721_NF_187_Rig7_7L (2).MP4,30.2914,37060034,Scott Gray,Yes,2021-07-NorfolkIsland-BRUVS
NF_187,Muraenidae,Gymnothorax,nubilus,1,NA,NA,187,20210721_NF_187_Rig7_7L (1).MP4,3.1231,37060065,Scott Gray,Yes,2021-07-NorfolkIsland-BRUVS
NF_187,Muraenidae,Gymnothorax,porphyreus,5,NA,NA,187,20210721_NF_187_Rig7_7L (2).MP4,29.4978,37060066,Scott Gray,Yes,2021-07-NorfolkIsland-BRUVS
NF_187,Pomacentridae,Amphiprion,latezonatus,1,NA,NA,187,20210721_NF_187_Rig7_7L (2).MP4,22.4691,37372022,Scott Gray,No,2021-07-NorfolkIsland-BRUVS
NF_187,Pomacentridae,Chromis,hypsilepis,17,NA,NA,187,20210721_NF_187_Rig7_7L (2).MP4,23.9156,37372002,Scott Gray,No,2021-07-NorfolkIsland-BRUVS
NF_187,Pomacentridae,Chromis,norfolkensis,28,NA,NA,187,20210721_NF_187_Rig7_7L (2).MP4,23.2404,NA,Scott Gray,No,2021-07-NorfolkIsland-BRUVS
NF_187,Pomacentridae,Chrysiptera,notialis,36,NA,NA,187,20210721_NF_187_Rig7_7L (2).MP4,28.112,37372065,Scott Gray,No,2021-07-NorfolkIsland-BRUVS
NF_187,Serranidae,Acanthistius,cinctus,1,NA,NA,187,20210721_NF_187_Rig7_7L (2).MP4,17.2695,37311131,Scott Gray,No,2021-07-NorfolkIsland-BRUVS
NF_187,Serranidae,Trachypoma,macracanthus,1,NA,NA,187,20210721_NF_187_Rig7_7L (1).MP4,3.1893,37311164,Scott Gray,No,2021-07-NorfolkIsland-BRUVS
NF_188,Bothidae,Bothidae,spp.,1,NA,NA,188,20210722_NF_188_Rig1_1L (2).MP4,26.5877,37460000,Scott Gray,No,2021-07-NorfolkIsland-BRUVS
NF_188,Tetraodontidae,Lagocephalus,sceleratus,2,NA,NA,188,20210722_NF_188_Rig1_1L (3).MP4,31.9975,37467007,Scott Gray,No,2021-07-NorfolkIsland-BRUVS
NF_188,Tetraodontidae,Torquigener,altipinnis,13,NA,NA,188,20210722_NF_188_Rig1_1L (4).MP4,59.0345,37467056,Scott Gray,Yes,2021-07-NorfolkIsland-BRUVS
NF_198,Carangidae,Pseudocaranx,spp.,20,NA,NA,198,20210723_NF_198_Rig4_4L (3).MP4,39.138,37337924,Scott Gray,No,2021-07-NorfolkIsland-BRUVS
NF_198,Carangidae,Seriola,lalandi,1,NA,NA,198,20210723_NF_198_Rig4_4L (3).MP4,37.8879,37337006,Scott Gray,No,2021-07-NorfolkIsland-BRUVS
NF_198,Chaetodontidae,Chaetodon,guentheri,2,NA,NA,198,20210723_NF_198_Rig4_4L (2).MP4,26.69,37365039,Scott Gray,No,2021-07-NorfolkIsland-BRUVS
NF_198,Labridae,Anampses,elegans,1,NA,NA,198,20210723_NF_198_Rig4_4L (1).MP4,8.8828,37384046,Scott Gray,No,2021-07-NorfolkIsland-BRUVS
NF_198,Labridae,Notolabrus,inscriptus,1,NA,NA,198,20210723_NF_198_Rig4_4L (1).MP4,10.7502,37384139,Scott Gray,No,2021-07-NorfolkIsland-BRUVS
NF_198,Labridae,Pseudolabrus,luculentus,5,NA,NA,198,20210723_NF_198_Rig4_4L (1).MP4,0.6929,37384151,Scott Gray,Yes,2021-07-NorfolkIsland-BRUVS
NF_198,Lethrinidae,Lethrinus,miniatus,4,NA,NA,198,20210723_NF_198_Rig4_4L (1).MP4,7.1421,37351009,Scott Gray,Yes,2021-07-NorfolkIsland-BRUVS
NF_198,Muraenidae,Gymnothorax,nubilus,7,NA,NA,198,20210723_NF_198_Rig4_4L (4).MP4,50.243,37060065,Scott Gray,Yes,2021-07-NorfolkIsland-BRUVS
NF_198,Pomacanthidae,Chaetodontoplus,conspicillatus,2,NA,NA,198,20210723_NF_198_Rig4_4L (1).MP4,0.7191,37365064,Scott Gray,No,2021-07-NorfolkIsland-BRUVS
NF_198,Pomacentridae,Chromis,hypsilepis,1,NA,NA,198,20210723_NF_198_Rig4_4L (4).MP4,51.0755,37372002,Scott Gray,No,2021-07-NorfolkIsland-BRUVS
NF_198,Pomacentridae,Chromis,norfolkensis,4,NA,NA,198,20210723_NF_198_Rig4_4L (4).MP4,51.3302,NA,Scott Gray,No,2021-07-NorfolkIsland-BRUVS
NF_198,Scombridae,Sarda,australis,1,NA,NA,198,20210723_NF_198_Rig4_4L (1).MP4,10.5405,37441020,Scott Gray,No,2021-07-NorfolkIsland-BRUVS
NF_207,Carangidae,Pseudocaranx,spp.,7,NA,NA,207,20210723_NF_207_Rig6_6L (2).MP4,23.9628,37337924,Scott Gray,No,2021-07-NorfolkIsland-BRUVS
NF_207,Carangidae,Seriola,lalandi,1,NA,NA,207,20210723_NF_207_Rig6_6L (4).MP4,59.4816,37337006,Scott Gray,Yes,2021-07-NorfolkIsland-BRUVS
NF_207,Lethrinidae,Lethrinus,miniatus,3,NA,NA,207,20210723_NF_207_Rig6_6L (1).MP4,4.2187,37351009,Scott Gray,Yes,2021-07-NorfolkIsland-BRUVS
NF_207,Muraenidae,Gymnothorax,nubilus,5,NA,NA,207,20210723_NF_207_Rig6_6L (4).MP4,53.2804,37060065,Scott Gray,Yes,2021-07-NorfolkIsland-BRUVS
NF_207,Scombridae,Sarda,australis,1,NA,NA,207,20210723_NF_207_Rig6_6L (3).MP4,35.9515,37441020,Scott Gray,No,2021-07-NorfolkIsland-BRUVS
NF_207,Tetraodontidae,Lagocephalus,sceleratus,2,NA,NA,207,20210723_NF_207_Rig6_6L (2).MP4,22.651,37467007,Scott Gray,No,2021-07-NorfolkIsland-BRUVS
NF_211,Acanthuridae,Prionurus,maculatus,2,NA,NA,211,20210723_NF_211_Rig2_2L (4).MP4,52.0987,37437034,Scott Gray,No,2021-07-NorfolkIsland-BRUVS
NF_211,Apogonidae,Ostorhinchus,doederleini,1,NA,NA,211,20210723_NF_211_Rig2_2L (1).MP4,8.0047,37327053,Scott Gray,No,2021-07-NorfolkIsland-BRUVS
NF_211,Carcharhinidae,Carcharhinus,plumbeus,1,NA,NA,211,20210723_NF_211_Rig2_2L (1).MP4,10.1179,37018007,Scott Gray,No,2021-07-NorfolkIsland-BRUVS
NF_211,Labridae,Anampses,elegans,1,NA,NA,211,20210723_NF_211_Rig2_2L (4).MP4,59.4967,37384046,Scott Gray,No,2021-07-NorfolkIsland-BRUVS
NF_211,Labridae,Notolabrus,inscriptus,2,NA,NA,211,20210723_NF_211_Rig2_2L (1).MP4,0.9231,37384139,Scott Gray,No,2021-07-NorfolkIsland-BRUVS
NF_211,Labridae,Pseudolabrus,luculentus,14,NA,NA,211,20210723_NF_211_Rig2_2L (1).MP4,4.3983,37384151,Scott Gray,Yes,2021-07-NorfolkIsland-BRUVS
NF_211,Labridae,Suezichthys,arquatus,1,NA,NA,211,20210723_NF_211_Rig2_2L (1).MP4,0.1307,37384158,Scott Gray,No,2021-07-NorfolkIsland-BRUVS
NF_211,Lethrinidae,Lethrinus,miniatus,3,NA,NA,211,20210723_NF_211_Rig2_2L (3).MP4,38.3917,37351009,Scott Gray,Yes,2021-07-NorfolkIsland-BRUVS
NF_211,Muraenidae,Gymnothorax,annasona,1,NA,NA,211,20210723_NF_211_Rig2_2L (1).MP4,6.9475,37060064,Scott Gray,Yes,2021-07-NorfolkIsland-BRUVS
NF_211,Muraenidae,Gymnothorax,nubilus,2,NA,NA,211,20210723_NF_211_Rig2_2L (1).MP4,8.7649,37060065,Scott Gray,No,2021-07-NorfolkIsland-BRUVS
NF_211,Pomacentridae,Chromis,hypsilepis,19,NA,NA,211,20210723_NF_211_Rig2_2L (1).MP4,10.3626,37372002,Scott Gray,No,2021-07-NorfolkIsland-BRUVS
NF_211,Pomacentridae,Chromis,norfolkensis,15,NA,NA,211,20210723_NF_211_Rig2_2L (1).MP4,7.3268,NA,Scott Gray,No,2021-07-NorfolkIsland-BRUVS
NF_211,Scorpaenidae,Scorpaena,cardinalis,2,NA,NA,211,20210723_NF_211_Rig2_2L (1).MP4,8.8978,37287830,Scott Gray,No,2021-07-NorfolkIsland-BRUVS
NF_211,Scorpididae,Atypichthys,latus,2,NA,NA,211,20210723_NF_211_Rig2_2L (2).MP4,14.5184,37361020,Scott Gray,No,2021-07-NorfolkIsland-BRUVS
NF_211,Serranidae,Acanthistius,cinctus,3,NA,NA,211,20210723_NF_211_Rig2_2L (1).MP4,8.4468,37311131,Scott Gray,Yes,2021-07-NorfolkIsland-BRUVS
NF_211,Serranidae,Epinephelus,rivulatus,2,NA,NA,211,20210723_NF_211_Rig2_2L (1).MP4,13.6219,37311022,Scott Gray,No,2021-07-NorfolkIsland-BRUVS
NF_226,Muraenidae,Gymnothorax,nubilus,1,NA,NA,226,20210722_NF_226_Rig7_7L (3).MP4,36.8324,37060065,Scott Gray,Yes,2021-07-NorfolkIsland-BRUVS
NF_226,Tetraodontidae,Lagocephalus,sceleratus,1,NA,NA,226,20210722_NF_226_Rig7_7L (3).MP4,22.5136,37467007,Scott Gray,Yes,2021-07-NorfolkIsland-BRUVS
NF_227,Carcharhinidae,Carcharhinus,spp.,1,NA,NA,227,20210723_NF_227_Rig2_2L (1).MP4,11.6172,37018904,Scott Gray,No,2021-07-NorfolkIsland-BRUVS
NF_227,Carcharhinidae,Galeocerdo,cuvier,1,NA,NA,227,20210723_NF_227_Rig2_2L (2).MP4,29.7025,37018022,Scott Gray,No,2021-07-NorfolkIsland-BRUVS
NF_227,Labridae,Coris,bulbifrons,1,NA,NA,227,20210723_NF_227_Rig2_2L (2).MP4,26.0188,37384091,Scott Gray,No,2021-07-NorfolkIsland-BRUVS
NF_227,Labridae,Pseudolabrus,luculentus,4,NA,NA,227,20210723_NF_227_Rig2_2L (1).MP4,2.3752,37384151,Scott Gray,Yes,2021-07-NorfolkIsland-BRUVS
NF_227,Lethrinidae,Lethrinus,miniatus,1,NA,NA,227,20210723_NF_227_Rig2_2L (1).MP4,1.6094,37351009,Scott Gray,No,2021-07-NorfolkIsland-BRUVS
NF_227,Muraenidae,Gymnothorax,nubilus,1,NA,NA,227,20210723_NF_227_Rig2_2L (1).MP4,7.4547,37060065,Scott Gray,Yes,2021-07-NorfolkIsland-BRUVS
NF_227,Pomacanthidae,Chaetodontoplus,conspicillatus,2,NA,NA,227,20210723_NF_227_Rig2_2L (3).MP4,44.8999,37365064,Scott Gray,No,2021-07-NorfolkIsland-BRUVS
NF_227,Pomacentridae,Chromis,norfolkensis,76,NA,NA,227,20210723_NF_227_Rig2_2L (1).MP4,0.9115,NA,Scott Gray,Yes,2021-07-NorfolkIsland-BRUVS
NF_227,Scorpididae,Atypichthys,latus,1,NA,NA,227,20210723_NF_227_Rig2_2L (3).MP4,44.5173,37361020,Scott Gray,Yes,2021-07-NorfolkIsland-BRUVS
NF_227,Serranidae,Acanthistius,cinctus,2,NA,NA,227,20210723_NF_227_Rig2_2L (1).MP4,9.1836,37311131,Scott Gray,Yes,2021-07-NorfolkIsland-BRUVS
NF_227,Serranidae,Epinephelus,rivulatus,1,NA,NA,227,20210723_NF_227_Rig2_2L (1).MP4,4.1113,37311022,Scott Gray,No,2021-07-NorfolkIsland-BRUVS
NF_232,Apogonidae,Ostorhinchus,flavus,2,NA,NA,232,20210723_NF_232_Rig3_3L (1).MP4,13.0213,37327126,Scott Gray,No,2021-07-NorfolkIsland-BRUVS
NF_232,Blenniidae,Plagiotremus,tapeinosoma,1,NA,NA,232,20210723_NF_232_Rig3_3L (1).MP4,8.4429,37408076,Scott Gray,No,2021-07-NorfolkIsland-BRUVS
NF_232,Labridae,Pseudolabrus,luculentus,6,NA,NA,232,20210723_NF_232_Rig3_3L (1).MP4,1.4743,37384151,Scott Gray,Yes,2021-07-NorfolkIsland-BRUVS
NF_232,Lethrinidae,Lethrinus,miniatus,6,NA,NA,232,20210723_NF_232_Rig3_3L (2).MP4,26.477,37351009,Scott Gray,Yes,2021-07-NorfolkIsland-BRUVS
NF_232,Muraenidae,Gymnothorax,eurostus,1,NA,NA,232,20210723_NF_232_Rig3_3L (1).MP4,8.266,37060034,Scott Gray,Yes,2021-07-NorfolkIsland-BRUVS
NF_232,Muraenidae,Gymnothorax,nubilus,1,NA,NA,232,20210723_NF_232_Rig3_3L (2).MP4,30.4176,37060065,Scott Gray,Yes,2021-07-NorfolkIsland-BRUVS
NF_232,Muraenidae,Gymnothorax,porphyreus,1,NA,NA,232,20210723_NF_232_Rig3_3L (1).MP4,4.5317,37060066,Scott Gray,Yes,2021-07-NorfolkIsland-BRUVS
NF_232,Pomacentridae,Amphiprion,latezonatus,1,NA,NA,232,20210723_NF_232_Rig3_3L (1).MP4,1.3675,37372022,Scott Gray,No,2021-07-NorfolkIsland-BRUVS
NF_232,Pomacentridae,Chromis,hypsilepis,1,NA,NA,232,20210723_NF_232_Rig3_3L (2).MP4,22.6337,37372002,Scott Gray,No,2021-07-NorfolkIsland-BRUVS
NF_232,Pomacentridae,Chrysiptera,notialis,7,NA,NA,232,20210723_NF_232_Rig3_3L (2).MP4,22.6337,37372065,Scott Gray,No,2021-07-NorfolkIsland-BRUVS
NF_232,Pomacentridae,Plectroglyphidodon,fasciolatus,1,NA,NA,232,20210723_NF_232_Rig3_3L (1).MP4,3.1476,NA,Scott Gray,No,2021-07-NorfolkIsland-BRUVS
NF_232,Scorpididae,Atypichthys,latus,2,NA,NA,232,20210723_NF_232_Rig3_3L (1).MP4,2.6666,37361020,Scott Gray,Yes,2021-07-NorfolkIsland-BRUVS
NF_232,Serranidae,Acanthistius,cinctus,3,NA,NA,232,20210723_NF_232_Rig3_3L (2).MP4,18.6091,37311131,Scott Gray,No,2021-07-NorfolkIsland-BRUVS
NF_232,Serranidae,Trachypoma,macracanthus,1,NA,NA,232,20210723_NF_232_Rig3_3L (1).MP4,0.6418,37311164,Scott Gray,No,2021-07-NorfolkIsland-BRUVS
NF_237,Carangidae,Pseudocaranx,spp.,4,NA,NA,237,20210723_NF_237_Rig4_4L (2).MP4,15.4716,37337924,Scott Gray,No,2021-07-NorfolkIsland-BRUVS
NF_237,Carangidae,Seriola,lalandi,5,NA,NA,237,20210723_NF_237_Rig4_4L (2).MP4,28.137,37337006,Scott Gray,Yes,2021-07-NorfolkIsland-BRUVS
NF_237,Carcharhinidae,Galeocerdo,cuvier,1,NA,NA,237,20210723_NF_237_Rig4_4L (2).MP4,26.6461,37018022,Scott Gray,No,2021-07-NorfolkIsland-BRUVS
NF_237,Labridae,Bodianus,unimaculatus,1,NA,NA,237,20210723_NF_237_Rig4_4L (2).MP4,20.3303,37384061,Scott Gray,No,2021-07-NorfolkIsland-BRUVS
NF_237,Labridae,Coris,bulbifrons,1,NA,NA,237,20210723_NF_237_Rig4_4L (3).MP4,34.3243,37384091,Scott Gray,No,2021-07-NorfolkIsland-BRUVS
NF_237,Labridae,Coris,sandeyeri,1,NA,NA,237,20210723_NF_237_Rig4_4L (1).MP4,8.8277,37384097,Scott Gray,No,2021-07-NorfolkIsland-BRUVS
NF_237,Labridae,Notolabrus,inscriptus,1,NA,NA,237,20210723_NF_237_Rig4_4L (1).MP4,5.2224,37384139,Scott Gray,No,2021-07-NorfolkIsland-BRUVS
NF_237,Labridae,Pseudolabrus,luculentus,2,NA,NA,237,20210723_NF_237_Rig4_4L (1).MP4,10.6401,37384151,Scott Gray,No,2021-07-NorfolkIsland-BRUVS
NF_237,Lethrinidae,Lethrinus,miniatus,11,NA,NA,237,20210723_NF_237_Rig4_4L (3).MP4,34.6991,37351009,Scott Gray,Yes,2021-07-NorfolkIsland-BRUVS
NF_237,Muraenidae,Gymnothorax,nubilus,4,NA,NA,237,20210723_NF_237_Rig4_4L (3).MP4,40.5177,37060065,Scott Gray,Yes,2021-07-NorfolkIsland-BRUVS
NF_237,Pomacanthidae,Chaetodontoplus,conspicillatus,1,NA,NA,237,20210723_NF_237_Rig4_4L (1).MP4,2.3707,37365064,Scott Gray,No,2021-07-NorfolkIsland-BRUVS
NF_237,Scorpaenidae,Scorpaena,cardinalis,1,NA,NA,237,20210723_NF_237_Rig4_4L (1).MP4,6.4954,37287830,Scott Gray,No,2021-07-NorfolkIsland-BRUVS
NF_237,Scorpididae,Atypichthys,latus,2,NA,NA,237,20210723_NF_237_Rig4_4L (1).MP4,4.1875,37361020,Scott Gray,Yes,2021-07-NorfolkIsland-BRUVS
NF_237,Tetraodontidae,Lagocephalus,sceleratus,3,NA,NA,237,20210723_NF_237_Rig4_4L (4).MP4,58.5524,37467007,Scott Gray,No,2021-07-NorfolkIsland-BRUVS
NF_246,Synodontidae,Trachinocephalus,trachinus,1,NA,NA,246,20210723_NF_246_Rig6_6L (2).MP4,21.5421,37118002,Scott Gray,No,2021-07-NorfolkIsland-BRUVS
NF_246,Tetraodontidae,Torquigener,altipinnis,5,NA,NA,246,20210723_NF_246_Rig6_6L (2).MP4,30.704,37467056,Scott Gray,Yes,2021-07-NorfolkIsland-BRUVS
NF_247,Carangidae,Seriola,lalandi,2,NA,NA,247,20210723_NF_247_Rig2_2L (3).MP4,33.4534,37337006,Scott Gray,Yes,2021-07-NorfolkIsland-BRUVS
NF_247,Carcharhinidae,Carcharhinus,spp.,2,NA,NA,247,20210723_NF_247_Rig2_2L (1).MP4,6.1639,37018904,Scott Gray,No,2021-07-NorfolkIsland-BRUVS
NF_247,Carcharhinidae,Carcharhinus,plumbeus,1,NA,NA,247,20210723_NF_247_Rig2_2L (1).MP4,0.2781,37018007,Scott Gray,No,2021-07-NorfolkIsland-BRUVS
NF_247,Labridae,Pseudolabrus,luculentus,1,NA,NA,247,20210723_NF_247_Rig2_2L (1).MP4,4.6263,37384151,Scott Gray,No,2021-07-NorfolkIsland-BRUVS
NF_247,Lethrinidae,Lethrinus,miniatus,3,NA,NA,247,20210723_NF_247_Rig2_2L (1).MP4,3.6381,37351009,Scott Gray,Yes,2021-07-NorfolkIsland-BRUVS
NF_247,Muraenidae,Gymnothorax,nubilus,3,NA,NA,247,20210723_NF_247_Rig2_2L (1).MP4,9.3282,37060065,Scott Gray,Yes,2021-07-NorfolkIsland-BRUVS
NF_247,Pomacanthidae,Chaetodontoplus,conspicillatus,1,NA,NA,247,20210723_NF_247_Rig2_2L (1).MP4,9.6902,37365064,Scott Gray,No,2021-07-NorfolkIsland-BRUVS
NF_247,Tetraodontidae,Canthigaster,callisterna,1,NA,NA,247,20210723_NF_247_Rig2_2L (1).MP4,1.0038,37467038,Scott Gray,No,2021-07-NorfolkIsland-BRUVS
NF_253,Carcharhinidae,Carcharhinus,spp.,1,NA,NA,253,20210723_NF_253_Rig1_1L (1).MP4,3.3878,37018904,Scott Gray,No,2021-07-NorfolkIsland-BRUVS
NF_253,Labridae,Pseudolabrus,luculentus,1,NA,NA,253,20210723_NF_253_Rig1_1L (3).MP4,30.1685,37384151,Scott Gray,No,2021-07-NorfolkIsland-BRUVS
NF_253,Labridae,Suezichthys,arquatus,3,NA,NA,253,20210723_NF_253_Rig1_1L (1).MP4,6.0516,37384158,Scott Gray,No,2021-07-NorfolkIsland-BRUVS
NF_253,Lethrinidae,Lethrinus,miniatus,3,NA,NA,253,20210723_NF_253_Rig1_1L (3).MP4,30.4015,37351009,Scott Gray,Yes,2021-07-NorfolkIsland-BRUVS
NF_253,Muraenidae,Gymnothorax,nubilus,2,NA,NA,253,20210723_NF_253_Rig1_1L (3).MP4,36.2051,37060065,Scott Gray,Yes,2021-07-NorfolkIsland-BRUVS
NF_253,Pomacanthidae,Chaetodontoplus,conspicillatus,3,NA,NA,253,20210723_NF_253_Rig1_1L (4).MP4,58.3811,37365064,Scott Gray,No,2021-07-NorfolkIsland-BRUVS
NF_253,Scorpididae,Atypichthys,latus,1,NA,NA,253,20210723_NF_253_Rig1_1L (1).MP4,3.4746,37361020,Scott Gray,No,2021-07-NorfolkIsland-BRUVS
NF_253,Serranidae,Epinephelus,rivulatus,1,NA,NA,253,20210723_NF_253_Rig1_1L (2).MP4,23.9233,37311022,Scott Gray,No,2021-07-NorfolkIsland-BRUVS
NF_256,Dasyatidae,Taeniurops,meyeni,1,NA,NA,256,20210723_NF_256_Rig3_3L (2).MP4,29.0913,37035017,Scott Gray,Yes,2021-07-NorfolkIsland-BRUVS
NF_256,Lethrinidae,Lethrinus,miniatus,2,NA,NA,256,20210723_NF_256_Rig3_3L (2).MP4,28.5591,37351009,Scott Gray,Yes,2021-07-NorfolkIsland-BRUVS
NF_262,Bothidae,Bothidae,spp.,4,NA,NA,262,20210723_NF_262_Rig1_1R (4).MP4,48.608,37460000,Scott Gray,No,2021-07-NorfolkIsland-BRUVS
NF_262,Tetraodontidae,Lagocephalus,sceleratus,1,NA,NA,262,20210723_NF_262_Rig1_1R (3).MP4,44.0585,37467007,Scott Gray,Yes,2021-07-NorfolkIsland-BRUVS
NF_262,Tetraodontidae,Torquigener,altipinnis,11,NA,NA,262,20210723_NF_262_Rig1_1R (3).MP4,43.3016,37467056,Scott Gray,Yes,2021-07-NorfolkIsland-BRUVS
