Family_correct,Genus_correct,Species_correct,Family,Genus,Species,Region,Reason,Comment
Acanthuridae,Acanthurus,nigros,Acanthuridae,Acanthurus,nigroris,CS/N,Misidentification,Endemic to the Hawaiin Islands
Acanthuridae,Acanthurus,triostegus,Acanthuridae,Acanthurus,triostegas,NW/Christmas.Island/Cocos.Keeling/CS/TE/SE,Spelling,
Acanthuridae,Naso,unicornis,Acanthuridae,Acanthurus,unicornis,SW/NW/Christmas.Island/Cocos.Keeling/CS/TE/Lord.Howe.Island,Synonym,
Acanthuridae,Unknown,spp,,Acanthurid,spp,SW/NW/Christmas.Island/Cocos.Keeling/N/CS/TE/Lord.Howe.Island/SW,Spelling,All regions
Acanthuridae,Unknown,spp,Acanthuridae,Acanthurid,spp,SW/NW/Christmas.Island/Cocos.Keeling/N/CS/TE/Lord.Howe.Island/SW,Spelling,All regions
Acanthuridae,Zebrasoma,veliferum,Acanthuridae,Zebrasoma,velliferum,SW/NW/Christmas.Island/CS/Lord.Howe.Island/TE,Spelling,
Acropomatidae,Malakichthys,spp,,Malakichthys,spp,SW/NW/N/CS/TE,Spelling,
Albulidae,Albula,argentea,Albulidae,Albula,forsteri,SW/NW/N/CS/TE,Synonym,
Albulidae,Albula,argentea,Albulidae,Albula,neoguinaica,SW/NW/N/CS/TE,Synonym,
Anguillidae,Anguilla,australis,Anguillidae,Anguilla,australis australis,CS/TE/Lord.Howe.Island/Norfolk.Island/SE,Spelling,
Aplodactylidae,Aplodactylus,lophodon,Aplodactylidae,Crinodus,lophodon,TE/SE,Synonym,
Aplodactylidae,Aplodactylus,lophodon,,Crinodus,lophodon,TE/SE,Synonym,
Apogonidae,Cheilodipterus,parazonatus,Apogonidae,Cheliodipterus,parazonatus,CS,Spelling,
Apogonidae,Ostorhinchus,angustatus,Apogonidae,Apogon,angustatus,SW/NW/Christmas.Island/Cocos.Keeling/N/CS,Synonym,
Apogonidae,Ostorhinchus,aureus,Apogonidae,Apogon,aureus,SW/NW/Christmas.Island/N/CS/TE/Lord.Howe.Island,Synonym,
Apogonidae,Ostorhinchus,capricornis,Apogonidae,Apogon,capricornis,CS/TE,Synonym,
Apogonidae,Ostorhinchus,cavitensis,Apogonidae,Ostorhinchus,cavitiensis,NW/N/CS,Synonym,
Apogonidae,Ostorhinchus,compressus,Apogonidae,Apogon,compressus,NW/CS/Lord.Howe.Island,Synonym,
Apogonidae,Ostorhinchus,cookii,Apogonidae,Apogon,cooki,SW/NW/N/CS,Synonym,
Apogonidae,Ostorhinchus,cyanosoma,Apogonidae,Apogon,cyanosoma,SW/NW/N,Synonym,
Apogonidae,Ostorhinchus,doederleini,Apogonidae,Apogon,doederleini,SW/NW/N/CS/Lord.Howe.Island/TE,Synonym,
Apogonidae,Ostorhinchus,fasciatus,Apogonidae,Apogon,quadrifasciatus,NW/N/CS/TE,Synonym,
Apogonidae,Ostorhinchus,limenus,Apogonidae,Apogon,limenus,CS/TE,Synonym,
Apogonidae,Ostorhinchus,monospilus,Apogonidae,Apogon,monospilus,NW/N/CS,Synonym,
Apogonidae,Ostorhinchus,novemfasciatus,Apogonidae,Apogon,novemfasciatus,NW/Christmas.Island/Cocos.Keeling/CS,Synonym,
Apogonidae,Ostorhinchus,rueppellii,Apogonidae,Apogon,rueppellii,SW/NW/N,Synonym,
Apogonidae,Ostorhinchus,selas,Apogonidae,Apogon,selas,CS,Synonym,
Apogonidae,Ostorhinchus,taeniophorus,Apogonidae,Apogon,taeniophorus,SW/NW/Christmas.Island/Cocos.Keeling/N/CS,Synonym,
Apogonidae,Ostorhinchus,victoriae,Apogonidae,Apogon,victoriae,SW/NW,Synonym,
Apogonidae,Ostorhinchus,wassinki,Apogonidae,Apogon,wassinki,NW,Synonym,
Apogonidae,Pristiapogon,fraenatus,Apogonidae,Apogon,fraenatus,SW/NW/Christmas.Island/N/CS/TE,Synonym,
Apogonidae,Unknown,spp,,Apogonidae,spp,SW/NW/Christmas.Island/Cocos.Keeling/N/CS/TE/Lord.Howe.Island/SW,Spelling,All regions
Aracanidae,Anoplocapros,amygdaloides,Aracanidae,Anoplocapros,robustus,SW,Synonym,
Ariidae,Nemapteryx,spp,,Arius,spp,NW/N/CS,Synonym,
Ariidae,Netuma,thalassina,Ariidae,Arius,thalassinus,NW/N/CS/TE,Synonym,
Ariidae,Netuma,thalassina,,Arius,thalassinus,NW/N/CS/TE,Synonym,
Arripidae,Arripis,spp,Arripis,Unknown,spp,SW/SE/TE/Lord.Howe.Island/Norfolk.Island,Spelling,
Arripidae,Arripis,truttaceus,Arripidae,Arripis,truttacea,SW/SE,Spelling,
Aulopidae,Latropiscis,purpurissatus,,Aulopus,purourissatus,SW/SE/TE/CS,Spelling,
Aulopidae,Latropiscis,purpurissatus,Aulopidae,Latropiscis,purpurissata,SW/SE/TE/CS,Spelling,
Aulopidae,Latropiscis,purpurissatus,Aulopidae,Hime,purpurissatus,SW/SE/TE/CS,Synonym,
Aulopidae,Latropiscis,purpurissatus,,Hime,purpurissatus,SW/SE/TE/CS,Synonym,
Aulopidae,Latropiscis,purpurissatus,Aulopidae,Aulopus,purpurissatus,SW/SE/TE/CS,Synonym,
Aulopidae,Latropiscis,purpurissatus,Aulopodidae,Aulopus,purpurissatus,SW/SE/TE/CS,Synonym,
Aulopidae,Latropiscis,purpurissatus,,Aulopus,purpurissatus,SW/SE/TE/CS,Synonym,
Balistidae,Abalistes,stellatus,Balistidae,Abalistes,stellaris,NW/N/CS/TE/SE,Spelling,
Balistidae,Balistoides,viridescens,Balistidae,Balistes,viridescens,SW/NW/N/CS/TE/Christmas.Island/Cocos.Keeling,Synonym,
Balistidae,Balistoides,viridescens,,Balistes,viridescens,SW/NW/N/CS/TE/Christmas.Island/Cocos.Keeling,Synonym,
Balistidae,Rhinecanthus,aculeatus,Balistidae,Abalistes,aculeatus,NW/CS/Lord.Howe.Island/Cocos.Keeling,Synonym,
Balistidae,Sufflamen,chrysopterum,Balistidae,Sufflamen,chrysopterus,NW/Christmas.Island/N/CS/TE/Lord.Howe.Island,Spelling,
Balistidae,Sufflamen,fraenatum,Balistidae,Sufflamen,fraenatus,NW/Christmas.Island/N/CS/TE/Lord.Howe.Island/Norfollk.Island,Spelling,
Balistidae,Sufflamen,fraenatum,Balistidae,Sufflamen,frenatum,NW/Christmas.Island/N/CS/TE/Lord.Howe.Island/Norfollk.Island,Spelling,
Balistidae,Sufflamen,fraenatum,Balistidae,Sufflamen,frenatus,NW/Christmas.Island/N/CS/TE/Lord.Howe.Island/Norfollk.Island,Spelling,
Blenniidae,Plagiotremus,tapeinosoma,Blennidae,Plagiotremus,tapeinosoma,SW/NW/Christmas.Island/Cocos.Keeling/CS/TE/Lord.Howe.Island,Spelling,
Blenniidae,Salarias,fasciatus,Blenniidae,Salarius,fasciatus,NW/CS,Spelling,
Blenniidae,Salarias,fasciatus,Blennidae,Salarias,fasciatus,NW/CS,Spelling,
Blenniidae,Unknown,spp,,Blennidae,spp,SW/NW/Christmas.Island/Cocos.Keeling/N/CS/TE/Lord.Howe.Island/SW,Spelling,All regions
Blenniidae,Unknown,spp,,Blenniidae,spp,SW/NW/Christmas.Island/Cocos.Keeling/N/CS/TE/Lord.Howe.Island/SW,Spelling,All regions
Blenniidae,Unknown,spp,Blenniidae,Blennidae,spp,SW/NW/Christmas.Island/Cocos.Keeling/N/CS/TE/Lord.Howe.Island/SW,Spelling,All regions
Bothidae,Unknown,spp,,Bothidae,spp,SW/NW/Christmas.Island/Cocos.Keeling/N/CS/TE/Lord.Howe.Island/SW,Spelling,All regions
Caesionidae,Caesio,cuning,Lutjanidae,Caesio,cuning,NW/N/CS/TE,Synonym,
Caesionidae,Caesio,teres,Lutjanidae,Caesio,teres,NW/CS/Christmas.Island/Cocos.Keeling,Synonym,
Caesionidae,Pterocaesio,chrysozona,Lutjanidae,Pterocaesio,chrysozona,NW/N/CS/TE,Synonym,
Caesionidae,Pterocaesio,digramma,Lutjanidae,Pterocaesio,digramma,NW/CS/TE/Lord.Howe.Island,Synonym,
Callionymidae,Neosynchiropus,morrisoni,Callionymidae,Synchiropus,morrisoni,SW/NW/CS,Synonym,
Carangidae,Atule,mate,Carangidae,Caranx,mate,NW/N/CS/TE,Synonym,
Carangidae,Carangoides,caeruleopinnatus,Carangidae,Carangoides,coeruleopinnatus,NW/N/CS/TE,Synonym,
Carangidae,Carangoides,caeruleopinnatus,Carangidae,Carangoides,uii,NW/N/CS/TE,Synonym,
Carangidae,Carangoides,chrysophrys,Carangidae,Caranx,chrysophrys,NW/N/CS/TE/SE,Synonym,
Carangidae,Carangoides,fulvoguttatus,Carangidae,Caranx,fulvoguttatus,NW/N/CS/TE,Synonym,
Carangidae,Gnathanodon,speciosus,Carangidae,Gnathonodon,speciosus,NW/N/Christmas.Island/CS/TE,Spelling,
Carangidae,Gnathanodon,speciosus,,Gnathonodon,speciosus,NW/N/Christmas.Island/CS/TE,Spelling,
Carangidae,Pseudocaranx,georgianus,Carangidae,Pseudocaranx,dentex,SW/SE/TE,Synonym,"Pseudocaranx georgianus is known from temperate southern Australia and New Zealand (see Smith-Vaniz & Jelks, 2006). Between Sep 2008 and Nov 2013, this species was coded as 37 337004. Historical data relating to 37 337062 comprises this species and Pseudocaranx sp ""dentex"" (37 337082) but the vast majority would be the former species that retains the name Silver Trevally."
Carangidae,Trachinotus,baillonii,Carangidae,Trachinotus,bailloni,SW/NW/N/Christmas.Island/Cocos.Keeling/CS/TE/Lord.Howe.Island/Norfolk.Island,Spelling,
Carangidae,Trachurus,novaezelandiae,Carangidae,Trachurus,mccullochi,NW/SW/SE/TE/CS/Lord.Howe.Island,Synonym,
Carangidae,Trachurus,novaezelandiae,Carangidae,Trachurus,novazelandiae,NW/SW/SE/TE/CS/Lord.Howe.Island,Spelling,
Carangidae,Unknown,spp,,Carangidae,spp,SW/NW/Christmas.Island/Cocos.Keeling/N/CS/TE/Lord.Howe.Island/SW,Spelling,All regions
Carcharhinidae,Carcharhinus,coatesi,Carcharhinidae,Carcharhinus,dussumieri,NW/N/CS/TE,Misidentification,C. dussumieri is currently known from the Western Indian Ocean (Persian Gulf eastwards to at least India)
Carcharhinidae,Unknown,spp,,Carcharhinidae,spp,SW/NW/Christmas.Island/Cocos.Keeling/N/CS/TE/Lord.Howe.Island/SW,Spelling,All regions
Chaetodontidae,Chaetodon,melannotus,Chaetodontidae,Chaetodon,melanotus,CS/N/TE/NW/Christmas.Island/Cocos.Keeling/Lord.Howe.Island/Norfolk.Island,Spelling,
Chanidae,Chanos,chanos,Carangidae,Chanos,chanos,NW/SW/N/CS/TE/Christmas.Island/Cocos.Keeling/Lord.Howe.Island/Norfolk.Island,Spelling,
Cheilodactylidae,Cheilodactylus,spectabilis,Cheilodactylidae,Cheilodactylus,spp.ectabilis,SE/SW/TE,Spelling,
Cheilodactylidae,Cheilodactylus,vestitus,Cheilodactylidae,Cheiliodactylus,vestitus,CS/TE/SE,Spelling,
Cheilodactylidae,Cheilodactylus,vestitus,,Cheiliodactylus,vestitus,CS/TE/SE,Spelling,
Chironemidae,Chironemus,maculosus,Chironemidae,Threpterius,maculosus,SW/SE/TE,Synonym,
Chironemidae,Chironemus,maculosus,,Threpterius,maculosus,SW/SE/TE,Synonym,
Chlorophthalmidae,Chlorophthalmus,spp,,Chlorophthalmus,spp,NW/N/CS/TE,Spelling,
Clupeidae,Sardinops,sagax,Clupeidae,Sardinops,neopilchardus,SW/SE/TE/CS,Synonym,"The scientific name of the Australian taxon has been under debate for many years. The name used here (Sardinops sagax) is also being used by most recent authorities (e.g. Australian Faunal Directory online, Eschmeyer's Catalog of Fishes online: both accessed Feb. 2010, Gomon et al 2008, Neira et al 1998)."
Congridae,Castleichthys,spp,,Castleichthys,spp,NW,Spelling,
Congridae,Gnathophis,longicauda,Congridae,Gnathophis,longicaudus,SW/SE/TE/CS,Spelling,
Congridae,Heteroconger,spp,,Heteroconger,spp,NW/CS/Christmas.Island/Cocos.Keeling,Spelling,
Dasyatidae,Bathytoshia,brevicaudata,Dasyatidae,Dasyatis,brevicaudata,NW/SW/SE/TE/CS,Synonym,
Dasyatidae,Bathytoshia,brevicaudata,Dasyatidae,Dasyatis,brevicaudatus,NW/SW/SE/TE/CS,Synonym,
Dasyatidae,Bathytoshia,brevicaudata,Dasyatidae,Bathytoshia,spp,NW/SW/SE/TE/CS,Synonym,
Dasyatidae,Himantura,leoparda,Dasyatidae,Himantura,undulata,NW/N,Misidentification,"Himantura leoparda has been confused with a number of similar species, including H. undulata (Bleeker, 1852) [H. fava (Annandale 1909) is a synonym of H. undulata] and Himantura uarnak (Forsskål, 1775). The true H. undulata has not been recorded from Australian waters."
Dasyatidae,Maculabatis,astra,Dasyatidae,Himantura,astra,SW/NW/N/CS,Synonym,
Dasyatidae,Maculabatis,toshi,Dasyatidae,Himantura,toshi,NW/N/CS/TE,Synonym,Himantura toshi is a synonym for both Maculabatis toshi and Maculabatis astra on CAAB
Dasyatidae,Neotrygon,australiae,Dasyatidae,Dasyatis,kuhlii,NW/N,Synonym,"Prior to Last et al 2016, Neotrygon kuhlii was considered as a single species in Australia, but is now regarded as two species, N. australiae (Port Hedland, WA to northeastern Gulf of Carpentaria, Qld in shallows to at least 91m depth) and N. trigonoides (confirmed from Qld and northern NSW, but not Gulf of Carpentaria). The true Neotrygon kuhlii is currently only confirmed from the Solomon Islands (Last et al 2016, Zootaxa 4083)"
Dasyatidae,Neotrygon,trigonoides,Dasyatidae,Dasyatis,kuhlii,CS/TE,Misidentification,"Prior to Last et al 2016, Neotrygon kuhlii was considered as a single species in Australia, but is now regarded as two species, N. australiae (Port Hedland, WA to northeastern Gulf of Carpentaria, Qld in shallows to at least 91m depth) and N. trigonoides (confirmed from Qld and northern NSW, but not Gulf of Carpentaria). The true Neotrygon kuhlii is currently only confirmed from the Solomon Islands (Last et al 2016, Zootaxa 4083)"
Dasyatidae,Neotrygon,australiae,Dasyatidae,Neotrygon,kuhlii,NW/N,Synonym,"Prior to Last et al 2016, Neotrygon kuhlii was considered as a single species in Australia, but is now regarded as two species, N. australiae (Port Hedland, WA to northeastern Gulf of Carpentaria, Qld in shallows to at least 91m depth) and N. trigonoides (confirmed from Qld and northern NSW, but not Gulf of Carpentaria). The true Neotrygon kuhlii is currently only confirmed from the Solomon Islands (Last et al 2016, Zootaxa 4083)"
Dasyatidae,Neotrygon,trigonoides,Dasyatidae,Neotrygon,kuhlii,CS/TE,Misidentification,"Prior to Last et al 2016, Neotrygon kuhlii was considered as a single species in Australia, but is now regarded as two species, N. australiae (Port Hedland, WA to northeastern Gulf of Carpentaria, Qld in shallows to at least 91m depth) and N. trigonoides (confirmed from Qld and northern NSW, but not Gulf of Carpentaria). The true Neotrygon kuhlii is currently only confirmed from the Solomon Islands (Last et al 2016, Zootaxa 4083)"
Dasyatidae,Neotrygon,leylandi,Dasyatidae,Dasyatis,leylandi,NW/SW,Synonym,"Last & White (2008) resurrected the genus Neotrygon for this and two other maskray species [N. kuhlii and N. annotata] and also described a new species Neotrygon picta. Prior to the description of N. picta, all records of Dasyatis leylandi from the Arafura Sea (off NT) should be considered dubious (as they could also refer to N. picta). All Qld records of Dasyatis leylandi probably refer to N. picta"
Dasyatidae,Neotrygon,picta,Dasyatidae,Dasyatis,leylandi,CS,Misidentification,"Last & White (2008) resurrected the genus Neotrygon for this and two other maskray species [N. kuhlii and N. annotata] and also described a new species Neotrygon picta. Prior to the description of N. picta, all records of Dasyatis leylandi from the Arafura Sea (off NT) should be considered dubious (as they could also refer to N. picta). All Qld records of Dasyatis leylandi probably refer to N. picta"
Dasyatidae,Pastinachus,ater,Dasyatidae,Pastinachus,atrus,SW/NW/TE/N/CS,Synonym,Pastinachus sephen was described by Forsskål from the Red Sea (as Raja sephen). Pastinachus sephen is most likely a different species to P. ater (described as Taeniura atra by Macleay from Papua New Guinea). The latter name is used for the Australian species until the taxonomy is resolved.
Dasyatidae,Pastinachus,ater,Dasyatidae,Pastinachus,sephen,SW/NW/TE/N/CS,Synonym,Pastinachus sephen was described by Forsskål from the Red Sea (as Raja sephen). Pastinachus sephen is most likely a different species to P. ater (described as Taeniura atra by Macleay from Papua New Guinea). The latter name is used for the Australian species until the taxonomy is resolved.
Dasyatidae,Pateobatis,fai,Dasyatidae,Himantura,fai,NW/TE/N/CS,Synonym,
Dasyatidae,Pateobatis,jenkinsii,Dasyatidae,Himantura,jenkinsii,NW/N/CS,Synonym,
Dasyatidae,Taeniurops,meyeni,Dasyatidae,Taeniura,meyeni,CS/N/NW/TE/Christmas.Island/Lord.Howe.Island/Norfolk.Island,Synonym,
Dasyatidae,Unknown,spp,,Dasyatidae,spp,SW/NW/Christmas.Island/Cocos.Keeling/N/CS/TE/Lord.Howe.Island/SW,Spelling,All regions
Dasyatidae,Urogymnus,granulatus,Dasyatidae,Himantura,granulata,NW/N/CS,Synonym,
Dinolestidae,Dinolestes,lewini,Dinolestidae,Dinolestidae,lewini,SE/SW/TE,Spelling,
Dinolestidae,Dinolestes,lewini,Dinolestidae,Unknown,lewini,SE/SW/TE,Spelling,
Diodontidae,Diodon,hystrix,Diodontidae,Arothron,hystrix,NW/TE/CS/N/Christmas.Island/Cocos.Keeling/Lord.Howe.Island/Norfolk.Island,Synonym,
Diodontidae,Diodon,nicthemerus,Diodontidae,Diodon,nichthemerus,SE/SW/TE,Spelling,
Elopidae,Elops,hawaiensis,Elopidae,Elops,hawaiiensis,NW/SW/N/CS/TE,Spelling,
Engraulidae,Stolephorus,commersonnii,Engraulidae,Stolephorus,commersonii,NW/N/CS,Spelling,
Epinephelidae,Hyporthodus,octofasciatus,Serranidae,Epinephelus,octofasciatus,Christmas.Island/CS/TE/Lord.Howe.Island,Synonym,
Epinephelidae,Hyporthodus,ergastularius,Serranidae,Epinephelus,septemfasciatus,SW/NW,Synonym,This species is very confusing. Synonym based of FOA
Exocoetidae,Cypselurus,angusticeps,,Cypselurus,angusticeps,NW,Spelling,
Fistulariidae,Unknown,spp,,Fistularidae,spp,SW/NW/Christmas.Island/Cocos.Keeling/N/CS/TE/Lord.Howe.Island/SW,Spelling,All regions
Fistulariidae,Unknown,spp,Fistulariidae,Fistularidae,spp,SW/NW/Christmas.Island/Cocos.Keeling/N/CS/TE/Lord.Howe.Island/SW,Spelling,All regions
Glaucosomatidae,Glaucosoma,buergeri,Glaucosomatidae,Glaucosoma,burgeri,NW/SW/N,Spelling,
Glaucosomatidae,Glaucosoma,hebraicum,Glaucosomatidae,Glaucosoma,hebracium,NW/SW,Spelling,
Glaucostegidae,Glaucostegus,typus,Glaucostegidae,Rhinobatos,typus,NW/N/CS/TE,Synonym,
Glaucostegidae,Glaucostegus,typus,Rhinobatidae,Rhinobatos,typus,NW/N/CS/TE,Synonym,
Glaucostegidae,Glaucostegus,typus,Rhinobatidae,Glaucostegus,typus,NW/N/CS/TE,Synonym,
Gobiesocidae,Discotrema,spp,,Discotrema,spp,NW/N/CS/Christmas.Island,Spelling,
Gobiesocidae,Parvicrepis,spp,,Parvicrepis,spp,SW/SE/TE/CS,Spelling,
Gobiesocidae,Unknown,spp,,Gobiesocidae,spp,SW/NW/Christmas.Island/Cocos.Keeling/N/CS/TE/Lord.Howe.Island/SW,Spelling,All regions
Gobiidae,Amblygobius,rainfordi,Gobiidae,Koumansetta,rainfordi,NW/CS/Lord.Howe.Island/SW,Synonym,"Although Kovačić et al 2018 placed this species in the genus Koumansetta, there is some doubt about the validity of this genus and its separation from the genus Amblygobius. Amblygobius is retained here to align with the AFD."
Gobiidae,Eviota,spp,,Eviota,spp,SW/NW/N/CS/TE/SE/Christmas.Island/Cocos.Keeling/Lord.Howe.Island/Norfolk.Island,Spelling,
Gobiidae,Hazeus,spp,,Opua,spp,NW/N/CS,Spelling,"The genera Hazeus, Opua and Oplopomops have been separated on the basis of extent of coverage of the head by scales. With head scalation varying within other genera and absence of other distinctive features, we do not regard these genera as separate. For example Hazeus maculipinna appears to be a sister species of the species generally referred to as Opua nephotes."
Gobiidae,Parioglossus,spp,,Parioglossus,spp,NW/N/CS/TE/SE,Spelling,
Gobiidae,Parioglossus,spp,Microdesmidae,Parioglossus,spp,NW/N/CS/TE/SE,Spelling,
Gobiidae,Taenioides,purpurascens,Gobiidae,Gobiidae,purpurascens,CS/TE,Spelling,
Gobiidae,Taenioides,purpurascens,Gobiidae,Unknown,purpurascens,CS/TE,Spelling,
Gobiidae,Tomiyamichthys,spp,,Tomiyamichthys,spp,NW/N/CS,Spelling,
Gobiidae,Tomiyamichthys,spp,Tetraodontidae,Tomiyamichthys,spp,NW/N/CS,Spelling,
Gobiidae,Trimma,emeryi,,Trimma,emeryi,NW/CS/Christmas.Island/Cocos.Keeling,Spelling,
Gobiidae,Unknown,spp,,Gobiidae,spp,SW/NW/Christmas.Island/Cocos.Keeling/N/CS/TE/Lord.Howe.Island/SW,Spelling,All regions
Gobiidae,Yongeichthys,nebulosus,Gobiidae,Acentrogobius,nebulosus,NW/N/CS,Synonym,
Haemulidae,Diagramma,pictum labiosum,Haemulidae,Diagramma,labiosum,CS/N/NW/TE/SW/Lord.Howe.Island,Synonym,
Haemulidae,Diagramma,pictum labiosum,Haemulidae,Diagramma,labosium,CS/N/NW/TE/SW/Lord.Howe.Island,Synonym,
Haemulidae,Diagramma,pictum labiosum,Haemulidae,Diagramma,pictum,CS/N/NW/TE/SW/Lord.Howe.Island,Synonym,
Haemulidae,Plectorhinchus,flavomaculatus,Haemulidae,Plectorhincus,flavomaculatus,CS/N/NW/SW/TE,Spelling,
Haemulidae,Plectorhinchus,flavomaculatus,,Plectorhincus,flavomaculatus,CS/N/NW/SW/TE,Spelling,
Haemulidae,Plectorhinchus,multivittatus,Haemulidae,Plectorhinchus,multivittatum,NW/N/CS,Spelling,
Haemulidae,Plectorhinchus,unicolor,Haemulidae,Plectorhinchus,schotaf,NW/SW/TE/N/CS/Christmas.Island/Cocos.Keeling/Lord.Howe.Island,Misidentification,"Plectorhinchus schotaf appears to be restricted to the region from southeast Africa to the Arabian Sea, including the Red Sea and Persian Gulf; Plectorhinchus chubbi has only been confirmed from the Western Indian Ocean (Johnson & Wilmer 2015)"
Haemulidae,Plectorhinchus,spp,Haemulidae,Plectorhincus,spp,SW/NW/N/CS/TE/SE/Christmas.Island/Cocos.Keeling/Lord.Howe.Island/Norfolk.Island,Spelling,
Haemulidae,Plectorhinchus,spp,,Plectorhincus,spp,SW/NW/N/CS/TE/SE/Christmas.Island/Cocos.Keeling/Lord.Howe.Island/Norfolk.Island,Spelling,
Hemigaleidae,Hemigaleus,australiensis,Hemigaleidae,Hemigaleus,microstoma,SW/NW/N/CS/TE,Misidentification,Indo-West Pacific: southern India and Sri Lanka; China to Indonesia
Hemiramphidae,Unknown,spp,,Hemiramphidae,spp,SW/NW/Christmas.Island/Cocos.Keeling/N/CS/TE/Lord.Howe.Island/SW,Spelling,All regions
Heterodontidae,Heterodontus,portusjacksoni,Heterodontidae,Heterodontis,portusjacksoni,NW/SE/SW/TE,Spelling,
Heterodontidae,Heterodontus,portusjacksoni,,Heterodontis,portusjacksoni,NW/SE/SW/TE,Spelling,
Hypnidae,Hypnos,monopterygius,Hypnidae,Hypnos,monopterygium,SW/TE/NW/CS/SE,Spelling,
Kyphosidae,Kyphosus,bigibbus,Kyphosidae,Kyphosus,biggibus,NW/TE/SW/Christmas.Island/CS/Lord.Howe.Island/Norfolk.Island,Spelling,
Kyphosidae,Kyphosus,cornelii,Kyphosidae,Kyphosus,cornelli,NW/SW,Spelling,
Kyphosidae,Kyphosus,vaigiensis,Kyphosidae,Kyphosus,gibsoni,CS/N/NW/TE/Christmas.Island/Cocos.Keeling/Norfolk.Island,Synonym,
Kyphosidae,Kyphosus,vaigiensis,Kyphosidae,Cantharus,lineolatus,CS/N/NW/TE/Christmas.Island/Cocos.Keeling/Norfolk.Island,Synonym,
Kyphosidae,Tilodon,sexfasciatus,Kyphosidae,Tilodon,sexfasciatum,SE/SW,Spelling,
Labridae,Choerodon,schoenleinii,Labridae,Choerodon,schloenleinii,CS/N/NW/TE/SW,Spelling,
Labridae,Choerodon,zamboangae,Labridae,Choerodon,robustus,NW/SW,Synonym,
Labridae,Cirrhilabrus,spp,Labridae,Cirrhilabrus,walindi,NW/SW/N/CS/TE/Christmas.Island/Cocos.Keeling/Lord.Howe.Island,Misidentification,Can't find any records in Australia
Labridae,Coris,sandeyeri,Labridae,Coris,sandageri,TE/Lord.Howe.Island/Norfolk.Island,Spelling,
Labridae,Eupetrichthys,angustipes,Labridae,Eupetrichthys,angustipies,SE/SW/TE/CS/NW,Spelling,
Labridae,Halichoeres,chrysus,Pseudochromidae,Halichoeres,chrysus,NW/CS/TE/SE/Christmas.Island,Spelling,
Labridae,Iniistius,jacksonensis,Labridae,Xyrichtys,jacksonensis,TE/Lord.Howe.Island,Synonym,
Labridae,Iniistius,jacksonensis,,Xyrichtys,jacksonensis,TE/Lord.Howe.Island,Synonym,
Labridae,Iniistius,twistii,Labridae,Xyrichtys,twistii,CS,Synonym,
Labridae,Iniistius,twistii,,Xyrichtys,twistii,CS,Synonym,
Labridae,Notolabrus,fucicola,Labridae,Pseudolabrus,fucicola,SE/TE/Lord.Howe.Island,Synonym,
Labridae,Notolabrus,fucicola,Labridae,Notolabrus,fuciola,SE/TE/Lord.Howe.Island,Spelling,
Labridae,Notolabrus,parilus,Labridae,Pseudolabrus,parilus,NW/SE/SW,Synonym,
Labridae,Notolabrus,tetricus,Labridae,Labridae,tetricus,SE/TE/SW,Spelling,
Labridae,Notolabrus,tetricus,Labridae,Unknown,tetricus,SE/TE/SW,Spelling,
Labridae,Novaculichthys,taeniourus,Labridae,Novaculichthys,taeniurus,NW/TE/CS/Lord.Howe.Island/Christmas.Island/Cocos.Keeling/Norfolk.Island,Spelling,
Labridae,Novaculops,spp,,Novaculops,spp,CS/Lord.Howe.Island,Spelling,To add in family as no other Novaculops in life-history
Labridae,Ophthalmolepis,lineolatus,Labridae,Ophthalmolepis,lineolata,SE/SW/TE,Spelling,
Labridae,Ophthalmolepis,lineolatus,,Ophthalmolepsis,lineolatus,SE/SW/TE,Spelling,
Labridae,Ophthalmolepis,lineolatus,Labridae,Ophthalmolepsis,lineolatus,SE/SW/TE,Spelling,
Labridae,Oxycheilinus,bimaculatus,Labridae,Cheilinus,bimaculatus,CS/N/NW/TE/Cocos.Keeling/Lord.Howe.Island,Synonym,
Labridae,Oxycheilinus,digrammus,Labridae,Cheilinus,digrammus,CS/N/NW/Lord.Howe.Island,Synonym,
Labridae,Oxycheilinus,digrammus,Labridae,Cheilinus,digramma,CS/N/NW/Lord.Howe.Island,Synonym,
Labridae,Oxycheilinus,digrammus,Labridae,Oxycheilinus,digramma,CS/N/NW/Lord.Howe.Island,Synonym,
Labridae,Oxycheilinus,orientalis,Labridae,Oxycheilinus,rhodochrous,NW/CS,Synonym,
Labridae,Oxycheilinus,orientalis,Labridae,Cheilinus,orientalis,NW/CS,Synonym,
Labridae,Oxycheilinus,unifasciatus,Labridae,Cheilinus,unifasciatus,NW/CS/Lord.Howe.Island/Christmas.Island/Cocos.Keeling,Synonym,
Labridae,Pictilabrus,laticlavius,Labridae,Labrus,laticlavis,SE/SW/TE/Lord.Howe.Island,Spelling,
Labridae,Pictilabrus,laticlavius,Labridae,Pictilabrus,laticlavis,SE/SW/TE/Lord.Howe.Island,Spelling,
Labridae,Pictilabrus,laticlavius,,Labrus,laticlavis,SE/SW/TE/Lord.Howe.Island,Spelling,
Labridae,Pseudodax,moluccanus,Labridae,Pseudodax,mollucanus,NW/Cocos.Keeling/Christmas.Island/CS/Lord.Howe.Island,Spelling,
Labridae,Pseudolabrus,rubicundus,Labridae,Pseudolabrus,mortonii,SE/TE/SW,Synonym,"Russell & Gill (2012) resurrected P. rubicundus from the synonomy of P.mortoni (designated by Allen et al 1996, ZooCat) after locating the type specimen of Labrichthys rubicunda at the Macleay Museum. These authors report the species to be the conspecific with P. psittaculus (which is a preoccupied name) and P. mortoni. The type locality is Tasmania (not King George Sound in WA as widely documented)."
Labridae,Pseudolabrus,rubicundus,Labridae,Pseudolabrus,psittaculus,SE/TE/SW,Synonym,"Russell & Gill (2012) resurrected P. rubicundus from the synonomy of P.mortoni (designated by Allen et al 1996, ZooCat) after locating the type specimen of Labrichthys rubicunda at the Macleay Museum. These authors report the species to be the conspecific with P. psittaculus (which is a preoccupied name) and P. mortoni. The type locality is Tasmania (not King George Sound in WA as widely documented)."
Labridae,Pteragogus,enneacanthus,Labridae,Pteragogus,amboinensis,NW/CS/TE,Synonym,
Labridae,Pteragogus,enneacanthus,Labridae,Pteragogus,flagellifera ,NW/CS/TE,Synonym,
Labridae,Suezichthys,devisi,Labridae,Suezichthys,gracilis,TE/CS/SE,Misidentification,
Labridae,Thalassoma,quinquevittatum,Labridae,Thalassoma,quinquevittata,NW/Christmas.Island/Cocos.Keeling/CS/TE/Lord.Howe.Island,Spelling,
Labridae,Unknown,spp,Labridae,Wrasse,spp,SW/NW/Christmas.Island/Cocos.Keeling/N/CS/TE/Lord.Howe.Island/SW,Spelling,All regions
Labridae,Unknown,spp,,Labridae,spp,SW/NW/Christmas.Island/Cocos.Keeling/N/CS/TE/Lord.Howe.Island/SW,Spelling,All regions
Labridae,Unknown,spp,,Wrasse,spp,SW/NW/Christmas.Island/Cocos.Keeling/N/CS/TE/Lord.Howe.Island/SW,Spelling,All regions
Labridae,Unknown,spp,,Labrid,spp,SW/NW/Christmas.Island/Cocos.Keeling/N/CS/TE/Lord.Howe.Island/SW,Spelling,All regions
Labridae,Unknown,spp,Labridae,Labrid,spp,SW/NW/Christmas.Island/Cocos.Keeling/N/CS/TE/Lord.Howe.Island/SW,Spelling,All regions
Labridae,Unknown,spp,,Unidentified,labrid,SW/NW/Christmas.Island/Cocos.Keeling/N/CS/TE/Lord.Howe.Island/SW,Spelling,All regions
Labridae,Unknown,spp,,Purple,wrasse,SW/NW/Christmas.Island/Cocos.Keeling/N/CS/TE/Lord.Howe.Island/SW,Spelling,All regions
Labridae,Unknown,spp,Unknown,Purple,wrasse,SW/NW/Christmas.Island/Cocos.Keeling/N/CS/TE/Lord.Howe.Island/SW,Spelling,All regions
Labridae,Unknown,spp,,Brown,wrasse,SW/NW/Christmas.Island/Cocos.Keeling/N/CS/TE/Lord.Howe.Island/SW,Spelling,All regions
Labridae,Unknown,spp,Unknown,Brown,wrasse,SW/NW/Christmas.Island/Cocos.Keeling/N/CS/TE/Lord.Howe.Island/SW,Spelling,All regions
Labridae,Xyrichtys,spp,,Xyrichtys,spp,SW/NW/Christmas.Island/Cocos.Keeling/N/CS/TE/Lord.Howe.Island/SW,Spelling,All regions
Latidae,Psammoperca,datnioides,Latidae,Psammoperca,waigiensis,NW/SW/N/CS,Misidentification,"Differs from Psammoperca waigiensis in having the following characters: more slender body (mean depth 28.9% of SL vs. mean depth 36.7% of SL in P.  waigiensis), pored lateral-line scales 49–54 (vs. 46–48 in P. waigiensis), scale rows above and below lateral line 6½ / 10½–11½ (vs 4½ / 9½–10½ in P. waigiensis), and vertical at hind margin of maxilla posterior/behind center of eye (vs. vertical at hind margin of maxilla anterior to/in front of hind margin of eye in P. waigiensis). P. waigiensis also has a brownish to golden body with yellow-edged pored lateral-line scales."
Latidae,Psammoperca,datnioides,Centropomidae,Psammoperca,waigiensis,NW/SW/N/CS,Misidentification,"Differs from Psammoperca waigiensis in having the following characters: more slender body (mean depth 28.9% of SL vs. mean depth 36.7% of SL in P.  waigiensis), pored lateral-line scales 49–54 (vs. 46–48 in P. waigiensis), scale rows above and below lateral line 6½ / 10½–11½ (vs 4½ / 9½–10½ in P. waigiensis), and vertical at hind margin of maxilla posterior/behind center of eye (vs. vertical at hind margin of maxilla anterior to/in front of hind margin of eye in P. waigiensis). P. waigiensis also has a brownish to golden body with yellow-edged pored lateral-line scales."
Leiognathidae,Aurigequula,longispinis,Leiognathidae,Leiognathus,longispinis,SW/NW/N/CS,Synonym,
Leiognathidae,Aurigequula,longispinis,Leiognathidae,Aurigequula,longispina,SW/NW/N/CS,Synonym,
Leiognathidae,Aurigequula,longispinis,Leiognathidae,Leiognathus ,smithursti,SW/NW/N/CS,Synonym,
Leiognathidae,Aurigequula,longispinis,Leiognathidae,Aurigequula,longispina,SW/NW/N/CS,Synonym,
Leiognathidae,Equulites,elongatus,,Leiognathus,elongatus,,,
Leiognathidae,Equulites,elongatus,Leiognathidae,Leiognathus,elongatus,,,
Leiognathidae,Leiognathus,spp,,Leiognathus,spp,,Spelling,
Leptoscopidae,Lesueurina,spp,,Lesueurina,spp,,Spelling,
Lethrinidae,Unknown,spp,,Lethrinidae,spp,SW/NW/Christmas.Island/Cocos.Keeling/N/CS/TE/Lord.Howe.Island/SW,Spelling,All regions
Lethrinidae,Wattsia,mossambica,Lethrinidae,Wattsia,mosambica,,Spelling,
Lutjanidae,Aprion,virescens,Lutjanidae,Aprion,viriscens,,Spelling,
Lutjanidae,Lutjanus,bitaeniatus,Lethrinidae,Lethrinus,bitaeniatus,,Spelling,
Lutjanidae,Lutjanus,russellii,Lutjanidae,Lutjanus,russelli,,Spelling,
Lutjanidae,Symphorus,nematophorus,Lutjanidae,Symphorus,nematophorus(juv),,Spelling,
Macroramphosidae,Notopogon,lilliei,Macroramphosidae,Notopogon,endeavouri,,,
Macrouridae,Coryphaenoides,spp,,Coryphaenoides,spp,,Spelling,
Majidae,Unknown,spp,,Majidae,spp,SW/NW/Christmas.Island/Cocos.Keeling/N/CS/TE/Lord.Howe.Island/SW,Spelling,All regions
Microdesmidae,Gunnellichthys,pleurotaenia,Microdesmidae,Gunnelichthys,pleurotaenia,,,
Microdesmidae,Ptereleotris,evides,Ptereleotridae,Ptereleotris,evides,,,
Mobulidae,Mobula,birostris,Mobulidae,Manta,birostris,,,
Mobulidae,Mobula,birostris,,Manta,birostris,,,
Mobulidae,Mobula,birostris,Myliobatidae,Mobula,birostris,,Synonym,
Mobulidae,Mobula,tarapacana,Myliobatidae,Mobula,tarapacana,,Synonym,
Monacanthidae,Acanthaluteres,vittiger,Monacanthidae,Scobinichthys,vittiger,,,
Monacanthidae,Amanses,scopas,Balistidae,Amanses,scopas,,,
Monacanthidae,Cantherhines,dumerilii,Monocanthidae,Cantherhines,dumerilii,,,
Monacanthidae,Chaetodermis,penicilligerus,Monacanthidae,Chaetoderma,penicilligera,,,
Monacanthidae,Chaetodermis,penicilligerus,,Chaetoderma,penicilligera,,,
Monacanthidae,Chaetodermis,penicilligerus,Monacanthidae,Chaetodermis,penicilligera,,,
Monacanthidae,Meuschenia,scaber,Monacanthidae,Parika,scaber,,,
Monacanthidae,Meuschenia,scaber,,Parika,scaber,,,
Monacanthidae,Meuschenia,spp,Meuschenia,Unknown,spp,,Spelling,
Monacanthidae,Nelusetta,ayraud,Monacanthidae,Nelusetta,ayraudi,,,
Monacanthidae,Paramonacanthus,filicauda,Monacanthidae,Arotrolepis,filicauda,,,
Monacanthidae,Unknown,spp,,Monacanthid,spp,SW/NW/Christmas.Island/Cocos.Keeling/N/CS/TE/Lord.Howe.Island/SW,Spelling,All regions
Monacanthidae,Unknown,spp,Monacanthidae,Monacanthid,spp,SW/NW/Christmas.Island/Cocos.Keeling/N/CS/TE/Lord.Howe.Island/SW,Spelling,All regions
Monacanthidae,Unknown,spp,,Monacanthidae,spp,SW/NW/Christmas.Island/Cocos.Keeling/N/CS/TE/Lord.Howe.Island/SW,Spelling,All regions
Mugilidae,Liza,vaigiensis,Mugilidae,Ellochelon,vaigiensis,,,
Mugilidae,Moolgarda,cunnesius,Mugilidae,Osteomugil,cunnesius,,,
Mugilidae,Moolgarda,cunnesius,Mugilidae,Valamugil,cunnesius,,,
Mugilidae,Valamugil,buchanani,Mugilidae,Crenimugil,buchanani,,,
Mugilidae,Valamugil,buchanani,Mugilidae,Moolgarda,buchanani,,,
Mugilidae,Valamugil,buchanani,Mugilidae,Vagamugil,buchanani,,,
Mullidae,Mulloidichthys,flavolineatus,Mullidae,Mulloides,flavolineatus,,,
Mullidae,Parupeneus,cyclostomus,Mullidae,Parapuneus,cyclostomus,,,
Mullidae,Parupeneus,cyclostomus,Mullidae,Parupeneus,cylcostomas,,,
Mullidae,Parupeneus,heptacanthus,Mullidae,Mulloides,heptacanthus,,,
Mullidae,Parupeneus,spilurus,Mullidae,Parupeneus,signatus,,,
Mullidae,Parupeneus,trifasciatus,Mullidae,Parupeneus,bifasciatus,,,
Muraenidae,Gymnothorax,favagineus,Muraenidae,Gymnothorax,favafineus,,,
Muraenidae,Gymnothorax,favagineus,Muraenidae,Gymnothorax,isingteena,,,
Muraenidae,Gymnothorax,favagineus,Muraenidae,Gymnothorax,melanospilus,,,
Muraenidae,Gymnothorax,prionodon,Muraenidae,Gymnothorax,prinodon,,,
Muraenidae,Gymnothorax,rueppelliae,Muraenidae,Gymnothorax,rueppellii,,,
Muraenidae,Gymnothorax,thyrsoideus,Muraenidae,Gymnothorax,thrysoideus,,,
Muraenidae,Gymnothorax,undulatus,,Gymnnothorax,undulatus,,,
Myliobatidae,Aetobatus,ocellatus,Myliobatidae,Aetobatus,narinari,,,
Myliobatidae,Aetobatus,ocellatus,Myliobatidae,Myliobatis,narinari,,,
Myliobatidae,Aetobatus,ocellatus,Myliobatididae,Aetobatus,narinari,,,
Myliobatidae,Myliobatis,tenuicaudatus,Myliobatidae,Myliobatis,australis,,,
Myliobatidae,Myliobatis,tenuicaudatus,Myliobatididae,Myliobatis,australis,,,
Myliobatidae,Myliobatis,tenuicaudatus,,Mylobatis,australis,,,
Myliobatidae,Myliobatis,tenuicaudatus,Mylobatididae,Mylobatis,australis,,,
Narcinidae,Narcinops,tasmaniensis,Narcinidae,Narcine,tasmaniensis,,,
Narcinidae,Narcinops,tasmaniensis,,Narcine,tasmaniensis,,,
Nemipteridae,Nemipterus,furcosus,Nemipteridae,Nemipterus,furca,,,
Nemipteridae,Pentapodus,vitta,Nemipteridae,Scaevius,vitta,,,
Nemipteridae,Scolopsis,bilineata,Nemipteridae,Scolopsis,bilineatus,,,
Nemipteridae,Scolopsis,margaritifera,Nemipteridae,Scolopsis,margaritifer,,,
Nemipteridae,Scolopsis,meridiana,Nemipteridae,Scolopsis,taeniopterus,,,
Nemipteridae,Scolopsis,meridiana,Nemipteridae,Scolopsis,taenioptera,,,
Nemipteridae,Scolopsis,xenochrous,Nemipteridae,Scolopsis,xenochroa,,,
Neosebastidae,Neosebastes,bougainvillii,Neosebastidae,Neosebastes,bougainvilli,,,
Neosebastidae,Unknown,spp,,Neosebastidae,spp,SW/NW/Christmas.Island/Cocos.Keeling/N/CS/TE/Lord.Howe.Island/SW,Spelling,All regions
Nototheniidae,Paranotothenia,spp,,Paranotothenia,spp,,Spelling,
Nototheniidae,Paranotothenia,spp,Pinguipedidae,Paranotothenia,spp,,Spelling,
Odacidae,Heteroscarus,acroptilus,Odacidae,Odax,acroptilus,SE/SW/TE/NW,,
Odacidae,Heteroscarus,acroptilus,,Odax,acroptilus,SE/SW/TE/NW,,
Odacidae,Olisthops,cyanomelas,Odacidae,Odax,cyanomelas,,,
Odacidae,Olisthops,cyanomelas,,Odax,cyanomelas,,,
Oneirodidae,Oneirodes,,,Oneirodes,spp,,Spelling,
Ophidiidae,Sirembo,spp,,Sirembo,spp,,Spelling,
Ostraciidae,Rhynchostracion,rhinorhynchos,Ostraciidae,Ostracion,rhinorhynchos,,,
Ostraciidae,Rhynchostracion,rhinorhynchos,Ostraciidae,Ostracion,rhinorrhynchos,,,
Ostraciidae,Tetrosomus,reipublicae,Ostraciidae,Tetrosomus,concantenatus,,,
Ostraciidae,Tetrosomus,reipublicae,Ostraciidae,Tetrosomus,concatenatus,,,
Paralichthyidae,Cephalopsetta,spp,,Cephalopsetta,spp,,Spelling,
Parascylliidae,Parascyllium,ferrugineum,Parascylliidae,Paracyllium,ferrugineum,,,
Parascylliidae,Parascyllium,ferrugineum,,Paracyllium,ferrugineum,,,
Parascylliidae,Parascyllium,ferrugineum,Parascyllidae,Paracyllium,ferrugineum,,,
Pempherididae,Pempheris,adusta,Pempheridae,Pempheris,adusta,N/CS/Lord.Howe.Island,,
Pempherididae,Pempheris,affinis,Pempheridae,Pempheris,affinis,SE/TE/CS,,
Pempherididae,Pempheris,analis,Pempheridae,Pempheris,analis,,,
Pempherididae,Pempheris,analis,Pempherididae,Pempheris,cf. analis,,,
Pempherididae,Pempheris,compressa,Pempheridae,Pempheris,compressa,,,
Pempherididae,Pempheris,klunzingeri,Pempheridae,Pempheris,klunzingeri,,,
Pempherididae,Pempheris,multiradiata,Pempheridae,Pempheris,multiradiata,,,
Pempherididae,Pempheris,ornata,Pempheridae,Pempheris,ornata,,,
Pempherididae,Pempheris,oualensis,Pempheridae,Pempheris,oualensis,,,
Pempherididae,Pempheris,schwenkii,Pempheridae,Pempheris,schwenkii,,,
Peristediidae,Satyrichthys,rieffeli,Perstediidae,Satyrichthys,rieffeli,,,
Phosichthyidae,Polymetme,corythaeola,,Polymetme,corythaeola,,,
Pinguipedidae,Parapercis,ramsayi,,Parapercus,ramsayi,,,
Pinguipedidae,Parapercis,schauinslandii,Pinguipedidae,Parapercis,schauinslandi,,,
Pinguipedidae,Parapercis,stricticeps,Pinguipedidae,Parapercis,striticeps,,,
Platycephalidae,Platycephalus,caeruleopunctatus,Platycephalidae,Platycephalus,caerulepunctatus,,,
Platycephalidae,Platycephalus,caeruleopunctatus,,Platycephalus,caeruleopunctatus,,,
Platycephalidae,Platycephalus,endrachtensis,Platycephalidae,Platycephalus,arenarius,,,
Platycephalidae,Platycephalus,endrachtensis,,Platycephalus,arenarius,,,
Platycephalidae,Platycephalus,grandispinis,Platycephalidae,Platycephalus,longispinis,,,
Platycephalidae,Platycephalus,grandispinis,,Platycephalus,longispinis,,,
Platycephalidae,Suggrundus,spp,,Suggrundus,spp,,Spelling,
Platycephalidae,Thysanophrys,cirronasa,Platycephalidae,Thysanophrys,cirronasus,,,
Platycephalidae,Unknown,spp,,Platycephalidae,spp,SW/NW/Christmas.Island/Cocos.Keeling/N/CS/TE/Lord.Howe.Island/SW,Spelling,All regions
Plesiopidae,Paraplesiops,meleagris,Plesiopidae,Paraplesiops,melaeagris,,,
Plotosidae,Euristhmus,spp,,Euristhmus,spp,,Spelling,
Pomacanthidae,Centropyge,flavicauda,Pomacanthidae,Centropyge,fisheri,,,
Pomacanthidae,Centropyge,vrolikii,Pomacanthidae,Centropyge,vroliki,,,
Pomacanthidae,Pomacanthus,sexstriatus,Pomacanthidae,Pomacentrus,sexstriatus,,,
Pomacanthidae,Pomacanthus,sexstriatus,Pomacanthidae,Pomacanthus,sextriatus,,,
Pomacanthidae,Pygoplites,diacanthus,,Pygoplites,diacanthus,,,
Pomacentridae,Abudefduf,spp,Abudefduf,Unknown,spp,,Spelling,
Pomacentridae,Acanthochromis,polyacanthus,Pomacentridae,Chromis,polyacanthus,,,
Pomacentridae,Chrysiptera,tricincta,Pomacentridae,Dascyllus,tricincta,,,
Pomacentridae,Dascyllus,reticulatus,Pomacentridae,Dasycyllus,reticulatus,,,
Pomacentridae,Mecaenichthys,immaculatus,,Mecanenichthys,immaculatus,,,
Pomacentridae,Mecaenichthys,immaculatus,Pomacentridae,Mecanenichthys,immaculatus,,,
Pomacentridae,Pristotis,obtusirostris,Pomacentridae,Pristosis,jerdoni,,,
Pomacentridae,Pristotis,obtusirostris,Pomacentridae,Pristotis,obstusirostris,,,
Pomacentridae,Stegastes,fasciolatus,Pomacentridae,Stegastes,faciolatus,,,
Pomacentridae,Unknown,spp,,Pomacentridae,spp,SW/NW/Christmas.Island/Cocos.Keeling/N/CS/TE/Lord.Howe.Island/SW,Spelling,All regions
Priacanthidae,Priacanthus,hamrur,Priacanthidae,Priacamthus,hamrur,,,
Priacanthidae,Priacanthus,hamrur,,Priacamthus,hamrur,,,
Priacanthidae,Pristiapogon,fraenatus,Priacanthidae,Apogon,fraenatus,,,
Priacanthidae,Pristiapogon,kallopterus,Priacanthidae,Apogon,kallopterus,,,
Rachycentridae,Rachycentron,canadum,Rachycentridae,Rachycentron,canadus,,,
Rajidae,Dentiraja,lemprieri,Rajidae,Dipturus,lemprieri,,,
Rajidae,Spiniraja,whitleyi,Rajidae,Dipturus,whitleyi,,,
Rajidae,Spiniraja,whitleyi,Rajidae,Raja,whitleyi,,,
Rajidae,Spiniraja,whitleyi,,Raja,whitleyi,,,
Rhinidae,Rhynchobatus,australiae,Rhinobatidae,Rhynchobatus,djiddensis,,,
Rhinidae,Rhynchobatus,australiae,Rhinidae,Rhynchobatus,djiddensis,,,
Rhinidae,Rhynchobatus,australiae,Rhynchobatidae,Rhynchobatus,djiddensis,,,
Rhinidae,Rhynchobatus,australiae,Rhynchobatidae,Rhynchobatus,australiae,,,
Rhinidae,Rhynchobatus,australiae,Unknown,Rhynchobatus,australiae,,,
Rhinobatidae,Aptychotrema,rostrata,Rhinobatidae,Aptychotrema,bougainvillii,,,
Scaridae,Cetoscarus,ocellatus,Scaridae,Cetoscarus,bicolor,,,
Scaridae,Chlorurus,microrhinos,Scaridae,Chlorurus,gibbus,,,
Scaridae,Chlorurus,microrhinos,Scaridae,Scarus,gibbus,,,
Scaridae,Chlorurus,microrhinos,Scaridae,Chlorurus,microhinos,,,
Scaridae,Chlorurus,microrhinos,Scaridae,Scarus,microhinos,,,
Scaridae,Chlorurus,microrhinos,Scaridae,Chlorurus,microrhinus,,,
Scaridae,Chlorurus,sordidus,Scaridae,Scarus,sordidus,,,
Scaridae,Chlorurus,sordidus,,Chlororus,sordidus,,,
Scaridae,Unknown,spp,,Scaridae,spp,SW/NW/Christmas.Island/Cocos.Keeling/N/CS/TE/Lord.Howe.Island/SW,Spelling,All regions
Sciaenidae,Argyrosomus,japonicus,Sciaenidae,Agyrosomus,japonicus,,,
Sciaenidae,Argyrosomus,japonicus,,Agyrosomus,japonicus,,,
Sciaenidae,Unknown,spp,,Sciaenid,spp,SW/NW/Christmas.Island/Cocos.Keeling/N/CS/TE/Lord.Howe.Island/SW,Spelling,All regions
Sciaenidae,Unknown,spp,Sciaenidae,Sciaenid,spp,SW/NW/Christmas.Island/Cocos.Keeling/N/CS/TE/Lord.Howe.Island/SW,Spelling,All regions
Sciaenidae,Unknown,spp,Unknown,Sciaenid,spp,SW/NW/Christmas.Island/Cocos.Keeling/N/CS/TE/Lord.Howe.Island/SW,Spelling,All regions
Scombridae,Auxis,spp,,Auxis,spp,,Spelling,
Scombridae,Scomberomorus,queenslandicus,Carangidae,Scomberomorus,queenslandicus,,,
Scombridae,Unknown,spp,,Scombridae,spp,SW/NW/Christmas.Island/Cocos.Keeling/N/CS/TE/Lord.Howe.Island/SW,Spelling,All regions
Scorpaenidae,Scorpaena,cardinalis,Scorpaenidae,Scorpaena,cookii,,,
Scorpaenidae,Scorpaenodes,spp,,Scorpaenodes,spp,,Spelling,
Scorpididae,Scorpis,georgiana,Scorpididae,Scorpis,georgianus,,,
Scorpididae,Scorpis,lineolata,Scorpididae,Scorpis,lineolatus,,,
Scorpididae,Tilodon,sexfasciatus,Scorpididae,Tilodon,sexfasciatum,,,
Scyliorhinidae,Asymbolus,analis,Scyliorhinidae,Asymbolis,analis,,,
Scyliorhinidae,Asymbolus,analis,,Asymbolis,analis,,,
Scyliorhinidae,Figaro,boardmani,Scyliorhinidae,Galeus,boardmani,,,
Scyliorhinidae,Figaro,boardmani,,Galeus,boardmani,,,
Serranidae,Anthias,spp,,Anthias,spp,,Spelling,
Serranidae,Caesioscorpis,theagenes,Caesioscorpidae,Caesioscorpis,theagenes,,,
Serranidae,Cephalopholis,miniata,Serranidae,Cephalopholis,miniatus,,,
Serranidae,Chromileptes,altivelis,Serranidae,Cromileptes,altivelis,CS/N/NW/TE,,
Serranidae,Chromileptes,altivelis,,Cromileptes,altivelis,CS/N/NW/TE,,
Serranidae,Epinephelus,ergastularius,Serranidae,Hyporthodus,ergastularius,,,
Serranidae,Epinephelus,octofasciatus,Serranidae,Hyporthodus,octofasciatus,,,
Serranidae,Epinephelus,tauvina,Serranidae,Epinephalis,tauvina,,,
Serranidae,Epinephelus,tauvina,,Epinephalis,tauvina,,,
Serranidae,Hypoplectrodes,nigroruber,,Hypolectrodes,nigroruber,,,
Serranidae,Hypoplectrodes,nigroruber,Serranidae,Hypolectrodes,nigroruber,,,
Serranidae,Plectropomus,spp,,Plectroplites,spp,,,
Serranidae,Plectropomus,spp,Serranidae,Plectroplites,spp,,,
Serranidae,Pseudanthias,fasciatus,Serranidae,Pseudanthias,fasciata,,,
Serranidae,Trachypoma,macracanthus,,Trachypoma,macracanthus,,,
Serranidae,Unknown,spp,,Serranidae,spp,SW/NW/Christmas.Island/Cocos.Keeling/N/CS/TE/Lord.Howe.Island/SW,Spelling,All regions
Siganidae,Siganus,argenteus,Siganidae,Signanus,argenteus,,,
Siganidae,Siganus,fuscescens,Siganidae,Siganus,nebulosus,,,
Siganidae,Siganus,lineatus,Siganidae,Siganus,guttatus,,,
Siganidae,Siganus,stellatus,Siganidae,Siganus,laqueus,,,
Sillaginidae,Sillaginodes,punctatus,Sillaginidae,Sillaginodes,punctata,,,
Soleidae,Zebrias,craticula,Soleidae,Zebrias,craticulus,,,
Sparidae,Acanthopagrus,morrisoni,Sparidae,Acanthopagrus,latus,,,
Sparidae,Chrysophrys,auratus,Sparidae,Chrysophrys,auratu,SW/NW/CS/TE/Lord.Howe.Island/Norfolk.Island/SE,,
Sparidae,Chrysophrys,auratus,Sparidae,Chyrosophyrs,auratus,SW/NW/CS/TE/Lord.Howe.Island/Norfolk.Island/SE,,
Sparidae,Chrysophrys,auratus,Sparidae,Chyrsophyrs,auratus,SW/NW/CS/TE/Lord.Howe.Island/Norfolk.Island/SE,,
Sparidae,Chrysophrys,auratus,Sparidae,Pagrus,auratus,SW/NW/CS/TE/Lord.Howe.Island/Norfolk.Island/SE,,
Sparidae,Chrysophrys,auratus,,Pagrus,auratus,SW/NW/CS/TE/Lord.Howe.Island/Norfolk.Island/SE,,
Sparidae,Chrysophrys,auratus,,Chrysophrys,auratus,SW/NW/CS/TE/Lord.Howe.Island/Norfolk.Island/SE,,
Sparidae,Chrysophrys,auratus,,Chyrosophyrs,auratus,SW/NW/CS/TE/Lord.Howe.Island/Norfolk.Island/SE,,
Sparidae,Chrysophrys,auratus,,Chyrsophyrs,auratus,SW/NW/CS/TE/Lord.Howe.Island/Norfolk.Island/SE,,
Sparidae,Dentex,spariformis,Sparidae,Dentex,tumifrons,,,Dentex tumifrons is a synonym for both spariformis and carpenteri
Sphyraenidae,Sphyraena,barracuda,Sphyraenidae,Sphyraena,commersoni,,,
Sphyraenidae,Sphyraena,obtusata,Sphyraenidae,Sphyraena,flavicauda,,,
Sphyraenidae,Unknown,spp,,Sphyraenidae,spp,SW/NW/Christmas.Island/Cocos.Keeling/N/CS/TE/Lord.Howe.Island/SW,Spelling,All regions
Sphyrnidae,Unknown,spp,,Sphyrnidae,spp,SW/NW/Christmas.Island/Cocos.Keeling/N/CS/TE/Lord.Howe.Island/SW,Spelling,All regions
Sphyrnidae,Unknown,spp,Sphyraenidae,Sphyrnidae,sphyrnidae,SW/NW/Christmas.Island/Cocos.Keeling/N/CS/TE/Lord.Howe.Island/SW,Spelling,All regions
Stegostomatidae,Stegostoma,fasciatum,Stegastomatidae,Stegostoma,fasciatum,,,
Syngnathidae,Unknown,spp,,Syngnathidae,spp,SW/NW/Christmas.Island/Cocos.Keeling/N/CS/TE/Lord.Howe.Island/SW,Spelling,All regions
Synodontidae,Saurida,undosquamis,Synodontidae,Synodus,undosquamis,,,
Synodontidae,Saurida,undosquamis,Synodontidae,Synodus,undosquamus,,,
Synodontidae,Trachinocephalus,trachinus,Synodontidae,Trachinocephalus,myops,,,
Synodontidae,Trachinocephalus,trachinus,,Trachinocephalus,myops,,,
Terapontidae,Pelates,sexlineatus,Terapontidae,Helotes,sexlineatus,,,
Tetraodontidae,Canthigaster,axiologus,Tetraodontidae,Canthigaster,coronata,,,
Tetraodontidae,Contusus,brevicaudus,Tetraodontidae,Contusus,spp,,,
Tetraodontidae,Lagocephalus,lagocephalus,Tetraodontidae,Lagocephalus,lagocephalus lagocephalus,,,
Tetraodontidae,Lagocephalus,sceleratus,Tetraodontidae,Lagocephalus,scleratus,,,
Tetraodontidae,Sphoeroides,spp,,Sphoeroides,spp,,Spelling,
Tetrarogidae,Centropogon,australis,Scorpaenidae,Centropogon,australis,,,
Torpedinidae,Tetronarce,nobiliana,Torpedinidae,Tetronarce,macneilli,,,
Torpedinidae,Tetronarce,nobiliana,Torpedinidae,Torpedo,macneilli,,,
Torpedinidae,Tetronarce,nobiliana,,Torpedo,macneilli,,,
Torpedinidae,Torpedo,spp,,Torpedo,spp,,Spelling,
Trachichthyidae,Hoplostethus,intermedius,Trachichthyidae,Hoplostethus,mediterraneus,,,
Triakidae,Mustelus,antarcticus,Triakidae,Mustelus,antarticus,,,
Tripterygiidae,Helcogramma,striatum,Tripterygiidae,Helcogramma,striata,,,
Zeidae,Zenopsis,nebulosa,Zeidae,Zenopsis,nebulosus,,,
Blenniidae,Plagiotremus,laudandus,Blenniidae,Plagiotremus,landandus,,,
Aracanidae,Anoplocapros,amygdaloides,Ostraciidae,Anoplocapros,amygdaloides,SW,,
Aracanidae,Anoplocapros,lenticularis,Ostraciidae,Anoplocapros,lenticularis,SW,,
Aracanidae,Caprichthys,gymnura,Ostraciidae,Caprichthys,gymnura,SW,,
Trygonorrhinidae,Aptychotrema,vincentiana,Rhinobatidae,Aptychotrema,vincentiana,,,
Trygonorrhinidae,Aptychotrema,rostrata,Rhinobatidae,Aptychotrema,rostrata,,,
Trygonorrhinidae,Trygonorrhina,dumerilii,Rhinobatidae,Trygonorrhina,dumerilii,,,
Neosebastidae ,Neosebastes,pandus,Scorpaenidae,Neosebastes,pandus,,,
Pomacentridae,Neopomacentrus,aktites,Pomacentridae,Neopomacentrus,filamentosus,,,
Pempherididae,Pempheris,schwenkii,Pempherididae,Pempheris,tominagai,,,