"synonym","unacceptreason","aphiaid","scientific"
"Procatopus websteri",NA,1026895,"Aapticheilichthys websteri"
"Aptosyax grypus",NA,1011282,"Aaptosyax grypus"
"Cyrtocara labrosa","senior synonym",1015413,"Abactochromis labrosus"
"Haplochromis labrosus","senior synonym",1015413,"Abactochromis labrosus"
"Melanochromis labrosus",NA,1015413,"Abactochromis labrosus"
"Abalistes stellairs","misspelling",219873,"Abalistes stellatus"
"Abalistes stellaris",NA,219873,"Abalistes stellatus"
"Balistes phaleratus",NA,219873,"Abalistes stellatus"
"Balistes stellaris",NA,219873,"Abalistes stellatus"
"Balistes stellatus",NA,219873,"Abalistes stellatus"
"Balistes vachellii",NA,219873,"Abalistes stellatus"
"Antennarius analis",NA,315963,"Abantennarius analis"
"Antennatus analis",NA,315963,"Abantennarius analis"
"Antennarius bermudensis",NA,1605257,"Abantennarius bermudensis"
"Antennatus bermudensis",NA,1605257,"Abantennarius bermudensis"
"Abantennarius neocaledoniensis",NA,1605256,"Abantennarius coccineus"
"Antennarius coccineus",NA,1605256,"Abantennarius coccineus"
"Antennarius immaculatus",NA,1605256,"Abantennarius coccineus"
"Antennarius leucus",NA,1605256,"Abantennarius coccineus"
"Antennarius moai",NA,1605256,"Abantennarius coccineus"
"Antennarius stigmaticus",NA,1605256,"Abantennarius coccineus"
"Antennatus coccineus",NA,1605256,"Abantennarius coccineus"
"Chironectes coccineus",NA,1605256,"Abantennarius coccineus"
"Antenarius dnorehensis","misspelling",1605258,"Abantennarius dorehensis"
"Antennarius albomaculatus","misspelling",1605258,"Abantennarius dorehensis"
"Antennarius albomarginatus",NA,1605258,"Abantennarius dorehensis"
"Antennarius altipinnis",NA,1605258,"Abantennarius dorehensis"
"Antennarius dorehensis",NA,1605258,"Abantennarius dorehensis"
"Antennarius niveus",NA,1605258,"Abantennarius dorehensis"
"Antennarius punctatissimus",NA,1605258,"Abantennarius dorehensis"
"Antennatus dorehensis",NA,1605258,"Abantennarius dorehensis"
"Antennarius drombus",NA,1605261,"Abantennarius drombus"
"Antennarius nexilis",NA,1605261,"Abantennarius drombus"
"Antennarius duescus",NA,1605259,"Abantennarius duescus"
"Antennatus duescus",NA,1605259,"Abantennarius duescus"
"Antennarius japonicus",NA,1605260,"Abantennarius nummifer"
"Antennarius mummifer","misspelling",1605260,"Abantennarius nummifer"
"Antennarius nummifer",NA,1605260,"Abantennarius nummifer"
"Antennarius sanguifluus",NA,1605260,"Abantennarius nummifer"
"Antennatus nummifer",NA,1605260,"Abantennarius nummifer"
"Chironectes bicornis","junior synonym",1605260,"Abantennarius nummifer"
"Chironectes chlorostygma",NA,1605260,"Abantennarius nummifer"
"Chironectes nummifer",NA,1605260,"Abantennarius nummifer"
"Antennarius rosaceus",NA,1592359,"Abantennarius rosaceus"
"Antennatus rosaceus",NA,1592359,"Abantennarius rosaceus"
"Antennarius leopardinus","junior synonym",1592389,"Abantennarius sanguineus"
"Antennarius sanguineus",NA,1592389,"Abantennarius sanguineus"
"Antennarius tagus","junior synonym",1592389,"Abantennarius sanguineus"
"Antennatus sanguineus",NA,1592389,"Abantennarius sanguineus"
"Pseudogobio obtusirostris",NA,1015800,"Abbottina obtusirostris"
"Abbottina psegma",NA,1018726,"Abbottina rivularis"
"Gobio rivularis","synonym",1018726,"Abbottina rivularis"
"Pseudogobio rivularis",NA,1018726,"Abbottina rivularis"
"Tylognathus sinensis","synonym",1018726,"Abbottina rivularis"
"Amblyapistus binotata",NA,221448,"Ablabys binotatus"
"Amblyapistus binotatus",NA,221448,"Ablabys binotatus"
"Amblyapistus marleyi",NA,221448,"Ablabys binotatus"
"Apistus binotatus",NA,221448,"Ablabys binotatus"
"Amblyapistus macracanthus",NA,278867,"Ablabys macracanthus"
"Apistus macracanthus",NA,278867,"Ablabys macracanthus"
"Ablabys taenionotus","misspelling",221449,"Ablabys taenianotus"
"Ambliapistus taenionotus","misspelling",221449,"Ablabys taenianotus"
"Amblyapistus slacksmithi",NA,221449,"Ablabys taenianotus"
"Amblyapistus taenianotus",NA,221449,"Ablabys taenianotus"
"Amblyapistus taenionotris",NA,221449,"Ablabys taenianotus"
"Amblyapistus taenionotus","misspelling",221449,"Ablabys taenianotus"
"Apistus taenianotus",NA,221449,"Ablabys taenianotus"
"Apistus taenionotus","misspelling",221449,"Ablabys taenianotus"
"Tetraroge alboguttata",NA,221449,"Ablabys taenianotus"
"Tetraroge cristagalli",NA,221449,"Ablabys taenianotus"
"Tetraroge taenionotus","misspelling",221449,"Ablabys taenianotus"
"Ablenes hians","misspelling",159246,"Ablennes hians"
"Ablennes hians pacificus","junior synonym",159246,"Ablennes hians"
"Ablennes pacificus",NA,159246,"Ablennes hians"
"Athlennes hians","misspelling",159246,"Ablennes hians"
"Belone hians","Original combination",159246,"Ablennes hians"
"Belone maculata",NA,159246,"Ablennes hians"
"Belone melanostigma",NA,159246,"Ablennes hians"
"Belone schismatorhynchus",NA,159246,"Ablennes hians"
"Blennes hians","misspelling",159246,"Ablennes hians"
"Mastaccembelus melanostigma",NA,159246,"Ablennes hians"
"Mastacembelus fasciatus",NA,159246,"Ablennes hians"
"Tylosurus caeruleofasciatus",NA,159246,"Ablennes hians"
"Tylosurus hians",NA,159246,"Ablennes hians"
"Gobiosoma etheostoma","synonym",293673,"Aboma etheostoma"
"Gobiosoma polyporosum","synonym",293673,"Aboma etheostoma"
"Noemacheilus elongatus","senior synonym",1016819,"Aborichthys elongatus"
"Aborichthys goaensis",NA,1016322,"Aborichthys garoensis"
"Noemacheilus garoensis","senior synonym",1016322,"Aborichthys garoensis"
"Noemacheilus kempi",NA,1017361,"Aborichthys kempi"
"Nemacheilus tikaderi",NA,1011940,"Aborichthys tikaderi"
"Noemacheilus tikaderi",NA,1011940,"Aborichthys tikaderi"
"Abramis argyreus",NA,154281,"Abramis brama"
"Abramis brama bergi",NA,154281,"Abramis brama"
"Abramis brama danubii",NA,154281,"Abramis brama"
"Abramis brama orientalis",NA,154281,"Abramis brama"
"Abramis brama sinegorensis",NA,154281,"Abramis brama"
"Abramis gehini",NA,154281,"Abramis brama"
"Abramis media",NA,154281,"Abramis brama"
"Abramis melaenus",NA,154281,"Abramis brama"
"Abramis microlepidotus",NA,154281,"Abramis brama"
"Abramis vetula",NA,154281,"Abramis brama"
"Abramis vulgaris",NA,154281,"Abramis brama"
"Cyprinus brama","basionym",154281,"Abramis brama"
"Leporinus eques",NA,1020154,"Abramites eques"
"Abramites hypselonotus hypselonotus","senior synonym",1015381,"Abramites hypselonotus"
"Abramites hypselonotus ternetzi","junior synonym",1015381,"Abramites hypselonotus"
"Abramites microcephalus","synonym",1015381,"Abramites hypselonotus"
"Abramites solarii","junior synonym",1015381,"Abramites hypselonotus"
"Abramites ternetzi","synonym",1015381,"Abramites hypselonotus"
"Leporinus hypselonotus","synonym",1015381,"Abramites hypselonotus"
"Leporinus nigripinnis",NA,1015381,"Abramites hypselonotus"
"Leporinus salarii",NA,1015381,"Abramites hypselonotus"
"Leporinus solarii","synonym",1015381,"Abramites hypselonotus"
"Glyphisodon abdominalis",NA,254879,"Abudefduf abdominalis"
"Chaetodon bengalensis","synonym",212885,"Abudefduf bengalensis"
"Glyphidodon affinis","synonym",212885,"Abudefduf bengalensis"
"Glyphidodon bengalensis",NA,212885,"Abudefduf bengalensis"
"Glyphisodon bengalensis",NA,212885,"Abudefduf bengalensis"
"Glyphisodon palmeri","synonym",212885,"Abudefduf bengalensis"
"Labrus macrogaster","synonym",212885,"Abudefduf bengalensis"
"Euschistodus concolor",NA,273696,"Abudefduf concolor"
"Nexilarius concolor",NA,273696,"Abudefduf concolor"
"Pomacentrus robustus",NA,273696,"Abudefduf concolor"
"Euschistodus declivifrons",NA,273698,"Abudefduf declivifrons"
"Chromis bicolor",NA,273699,"Abudefduf hoefleri"
"Gliphydodon hoefleri","misspelling",273699,"Abudefduf hoefleri"
"Glyphidodon hoefleri",NA,273699,"Abudefduf hoefleri"
"Heliastes bicolor","ambiguous synonym",273699,"Abudefduf hoefleri"
"Abudefduf lorentzi","misspelling",273700,"Abudefduf lorenzi"
"Abudefduf rhyncholepis",NA,212881,"Abudefduf margariteus"
"Glyphidodon maculipinnis",NA,212881,"Abudefduf margariteus"
"Glyphidodon rhyncholepis",NA,212881,"Abudefduf margariteus"
"Glyphisodon margariteus",NA,212881,"Abudefduf margariteus"
"Abudefduf clarki",NA,212870,"Abudefduf notatus"
"Chrysiptera paucifasciata",NA,212870,"Abudefduf notatus"
"Glyphidodon notatus",NA,212870,"Abudefduf notatus"
"Indoglyphidodon abbotti",NA,212870,"Abudefduf notatus"
"Abudefduf ascensionis",NA,159288,"Abudefduf saxatilis"
"Abudefduf marginatus",NA,159288,"Abudefduf saxatilis"
"Abudefduf saxiatilis","misspelling",159288,"Abudefduf saxatilis"
"Abudefduf sexatilis","misspelling",159288,"Abudefduf saxatilis"
"Apogon quinquevittatus",NA,159288,"Abudefduf saxatilis"
"Chaetodon marginatus",NA,159288,"Abudefduf saxatilis"
"Chaetodon mauritii",NA,159288,"Abudefduf saxatilis"
"Chaetodon sargoides",NA,159288,"Abudefduf saxatilis"
"Chaetodon saxatilis",NA,159288,"Abudefduf saxatilis"
"Glyphidodon saxatilis",NA,159288,"Abudefduf saxatilis"
"Glyphisodon biniar",NA,159288,"Abudefduf saxatilis"
"Glyphisodon moucharra",NA,159288,"Abudefduf saxatilis"
"Glyphisodon saxatilis",NA,159288,"Abudefduf saxatilis"
"Abudefduf multifasciatus",NA,212878,"Abudefduf septemfasciatus"
"Abudefduf paee",NA,212878,"Abudefduf septemfasciatus"
"Chaetodon rotundus",NA,212878,"Abudefduf septemfasciatus"
"Glyphisodon septemfasciatus",NA,212878,"Abudefduf septemfasciatus"
"Abudefduf coelestinus",NA,159289,"Abudefduf sexfasciatus"
"Glyphidodon caelestinus",NA,159289,"Abudefduf sexfasciatus"
"Glyphisodon coelestinus",NA,159289,"Abudefduf sexfasciatus"
"Labrus sexfasciatus",NA,159289,"Abudefduf sexfasciatus"
"Abudefduf tridentatus",NA,212888,"Abudefduf sordidus"
"Chaetodon sordidus",NA,212888,"Abudefduf sordidus"
"Glyphidodon adenensis",NA,212888,"Abudefduf sordidus"
"Glyphidodon leucopleura",NA,212888,"Abudefduf sordidus"
"Glyphisodon geant",NA,212888,"Abudefduf sordidus"
"Glyphisodon géant",NA,212888,"Abudefduf sordidus"
"Glyphisodon gigas",NA,212888,"Abudefduf sordidus"
"Glyphisodon sordidus",NA,212888,"Abudefduf sordidus"
"Glyphidodon sparoides",NA,212862,"Abudefduf sparoides"
"Glyphisodon sparoides",NA,212862,"Abudefduf sparoides"
"Pomacentrus zanzibarensis",NA,212862,"Abudefduf sparoides"
"Abudefduf analogus",NA,273701,"Abudefduf taurus"
"Euchistodus analogus",NA,273701,"Abudefduf taurus"
"Glyphidodon taurus","misspelling",273701,"Abudefduf taurus"
"Glyphisodon taurus",NA,273701,"Abudefduf taurus"
"Nexilarius taurus",NA,273701,"Abudefduf taurus"
"Glyphidodon troschelii",NA,273702,"Abudefduf troschelii"
"Abudefduf caudobimaculatus",NA,212879,"Abudefduf vaigiensis"
"Abudefduf quinquelineatus","misspelling",212879,"Abudefduf vaigiensis"
"Abudefduf quinquilineatus",NA,212879,"Abudefduf vaigiensis"
"Abudefduf vaigensis","misspelling",212879,"Abudefduf vaigiensis"
"Abudefduf vargensis","misspelling",212879,"Abudefduf vaigiensis"
"Abudefdus vaigiensis","misspelling",212879,"Abudefduf vaigiensis"
"Chaetodon tyrwhitti",NA,212879,"Abudefduf vaigiensis"
"Glyphisodon quadrifasciatus",NA,212879,"Abudefduf vaigiensis"
"Glyphisodon rahti",NA,212879,"Abudefduf vaigiensis"
"Glyphisodon vaigiensis",NA,212879,"Abudefduf vaigiensis"
"Abyssocottus gibbosus subulatus","junior synonym",1018384,"Abyssocottus gibbosus"
"Aleuterius brownii",NA,279462,"Acanthaluteres brownii"
"Bigener brownii",NA,279462,"Acanthaluteres brownii"
"Monacanthus castelnaui","junior synonym",279462,"Acanthaluteres brownii"
"Monacanthus lineoguttatus","junior synonym",279462,"Acanthaluteres brownii"
"Monacanthus yagoi","junior synonym",279462,"Acanthaluteres brownii"
"Aleuteres maculosus","synonym",279463,"Acanthaluteres spilomelanurus"
"Aleuteres paragaudatus",NA,279463,"Acanthaluteres spilomelanurus"
"Aluterus maculosus",NA,279463,"Acanthaluteres spilomelanurus"
"Balistes spilomelanurus",NA,279463,"Acanthaluteres spilomelanurus"
"Monacanthus forsteri","junior synonym",279463,"Acanthaluteres spilomelanurus"
"Acanthaluteres guntheri",NA,279464,"Acanthaluteres vittiger"
"Cantherines guntheri",NA,279464,"Acanthaluteres vittiger"
"Monacanthus guntheri","junior synonym",279464,"Acanthaluteres vittiger"
"Monacanthus vittiger",NA,279464,"Acanthaluteres vittiger"
"Penicipelta vittiger",NA,279464,"Acanthaluteres vittiger"
"Acanthaphritis barbatus","misspelling",279465,"Acanthaphritis barbata"
"Spinapsaron barbatum","misspelling",279465,"Acanthaphritis barbata"
"Spinapsaron barbatus","misspelling",279465,"Acanthaphritis barbata"
"Branchiopsaron ozawai",NA,279467,"Acanthaphritis ozawai"
"Acanthardus pomotis",NA,293694,"Acantharchus pomotis"
"Centrarchus pomotis","Basionym",293694,"Acantharchus pomotis"
"Acanthemblemaria arborescens",NA,279443,"Acanthemblemaria aspera"
"Acanthemblemaria asper","misspelling",279443,"Acanthemblemaria aspera"
"Paremblemaria aspera",NA,279443,"Acanthemblemaria aspera"
"Acanthemblemaria cubana",NA,279448,"Acanthemblemaria chaplini"
"Acanthemblemaria hancocki macrospilus",NA,279455,"Acanthemblemaria macrospilus"
"Acanthemblemaria variegata",NA,254883,"Acanthemblemaria spinosa"
"Rinelepis acanthicus","junior synonym",1022676,"Acanthicus hystrix"
"Plectropoma brasilianum",NA,278720,"Acanthistius brasilianus"
"Plectropoma patachonica","synonym",278720,"Acanthistius brasilianus"
"Plectropoma cinctum",NA,278721,"Acanthistius cinctus"
"Plectropoma cyanostigma",NA,278723,"Acanthistius ocellatus"
"Plectropoma myriaster",NA,278723,"Acanthistius ocellatus"
"Plectropoma ocellatum",NA,278723,"Acanthistius ocellatus"
"Plectropoma patachonica","synonym",278725,"Acanthistius patachonicus"
"Plectropoma pictum",NA,278727,"Acanthistius pictus"
"Serranus sebastoides",NA,218166,"Acanthistius sebastoides"
"Plectropoma serratum","synonym",278728,"Acanthistius serratus"
"Acanthobrama terraesanctae oligolepis",NA,1013097,"Acanthobrama lissneri"
"Acanthobrama arrhada",NA,279406,"Acanthobrama marmid"
"Acanthobrama cupida",NA,279406,"Acanthobrama marmid"
"Acanthobrama marmid elata",NA,279406,"Acanthobrama marmid"
"Acanthobrama marmid marmid",NA,279406,"Acanthobrama marmid"
"Abramis microlepis","synonym",1020219,"Acanthobrama microlepis"
"Acanthalburnus microlepis",NA,1020219,"Acanthobrama microlepis"
"Acanthalburnus punctulatus",NA,1020219,"Acanthobrama microlepis"
"Alburnus brandtii",NA,1020219,"Acanthobrama microlepis"
"Alburnus microlepis",NA,1020219,"Acanthobrama microlepis"
"Alburnus punctulatus","synonym",1020219,"Acanthobrama microlepis"
"Acanthobrama marmid orontis",NA,1014264,"Acanthobrama orontis"
"Leuciscus persidis",NA,1012346,"Acanthobrama persidis"
"Petroleuciscus persidis",NA,1012346,"Acanthobrama persidis"
"Pseudophoxinus persidis",NA,1012346,"Acanthobrama persidis"
"Leuciscus tricolor","synonym",238078,"Acanthobrama tricolor"
"Abramis urmianus",NA,1018992,"Acanthobrama urmianus"
"Acanthalburnus urmianus","senior synonym",1018992,"Acanthobrama urmianus"
"Aconthocepola abbreviata","misspelling",278762,"Acanthocepola abbreviata"
"Cepola abbreviata",NA,278762,"Acanthocepola abbreviata"
"Cepola indica",NA,218873,"Acanthocepola indica"
"Acanthocepola krusensterni","misspelling",278763,"Acanthocepola krusensternii"
"Cepola krusensternii","synonym",278763,"Acanthocepola krusensternii"
"Cepola limbata",NA,278764,"Acanthocepola limbata"
"Acanthochaenus lutkeni","misspelling",127280,"Acanthochaenus luetkenii"
"Acanthochaenus lutkenii","misspelling",127280,"Acanthochaenus luetkenii"
"Stephanoberyx gillii",NA,127280,"Acanthochaenus luetkenii"
"Abudefduf jordani",NA,279469,"Acanthochromis polyacanthus"
"Acanthochromis polyacathus","misspelling",279469,"Acanthochromis polyacanthus"
"Acanthochromis polycanthus","misspelling",279469,"Acanthochromis polyacanthus"
"Acanthocromis polyacanthus","misspelling",279469,"Acanthochromis polyacanthus"
"Chromis desmostigma",NA,279469,"Acanthochromis polyacanthus"
"Dascyllus polyacanthus",NA,279469,"Acanthochromis polyacanthus"
"Heptadecanthus brevipinnis",NA,279469,"Acanthochromis polyacanthus"
"Heptadecanthus longicaudis",NA,279469,"Acanthochromis polyacanthus"
"Heptadecanthus maculosus",NA,279469,"Acanthochromis polyacanthus"
"Acanthoclinus quadridactylus",NA,279471,"Acanthoclinus littoreus"
"Acanthoclinus trilineatus",NA,279471,"Acanthoclinus littoreus"
"Blennius littoreus",NA,279471,"Acanthoclinus littoreus"
"Blennius quadridactylus",NA,279471,"Acanthoclinus littoreus"
"Taumakoides littoreus",NA,279471,"Acanthoclinus littoreus"
"Taumakoides marilynae",NA,279472,"Acanthoclinus marilynae"
"Taumakoides matti",NA,279473,"Acanthoclinus matti"
"Taumakoides rua",NA,279474,"Acanthoclinus rua"
"Botia nebulosa","synonym",1026425,"Acanthocobitis botia"
"Cobitis botia",NA,1026425,"Acanthocobitis botia"
"Nemacheilus botia",NA,1026425,"Acanthocobitis botia"
"Nemacheilus botia botia","senior synonym",1026425,"Acanthocobitis botia"
"Nemachilus botia",NA,1026425,"Acanthocobitis botia"
"Nemachilus botius",NA,1026425,"Acanthocobitis botia"
"Nemachilus mackenziei",NA,1026425,"Acanthocobitis botia"
"Neomacheilus botia",NA,1026425,"Acanthocobitis botia"
"Noemacheilus botia","senior synonym",1026425,"Acanthocobitis botia"
"Cobitis mooreh",NA,1026429,"Acanthocobitis mooreh"
"Cobitis moreh",NA,1026429,"Acanthocobitis mooreh"
"Nemacheilus aureus",NA,1026429,"Acanthocobitis mooreh"
"Nemacheilus botia aureus","junior synonym",1026429,"Acanthocobitis mooreh"
"Nemacheilus mooreh","senior synonym",1026429,"Acanthocobitis mooreh"
"Nemacheilus moreh",NA,1026429,"Acanthocobitis mooreh"
"Nemacheilus sinuatus",NA,1026429,"Acanthocobitis mooreh"
"Nemachilus sinuatus","junior synonym",1026429,"Acanthocobitis mooreh"
"Noemacheilus mooreh","senior synonym",1026429,"Acanthocobitis mooreh"
"Noemacheilus moreh",NA,1026429,"Acanthocobitis mooreh"
"Acanthocobitis pavonaceus",NA,1022515,"Acanthocobitis pavonacea"
"Cobitis pavonacea",NA,1022515,"Acanthocobitis pavonacea"
"Cobitis pavonaceous",NA,1022515,"Acanthocobitis pavonacea"
"Nemacheilus pavonaceus","senior synonym",1022515,"Acanthocobitis pavonacea"
"Nemachilus pavonaceous",NA,1022515,"Acanthocobitis pavonacea"
"Nemachilus pavonaceus",NA,1022515,"Acanthocobitis pavonacea"
"Noemacheilus pavonaceous",NA,1022515,"Acanthocobitis pavonacea"
"Noemacheilus pavonaceus","senior synonym",1022515,"Acanthocobitis pavonacea"
"Schistura pavonaceus","senior synonym",1022515,"Acanthocobitis pavonacea"
"Cobitis rubidipinnis","synonym",1021246,"Acanthocobitis rubidipinnis"
"Nemacheilus rubidipinnis",NA,1021246,"Acanthocobitis rubidipinnis"
"Nemachilus rubidipinnis",NA,1021246,"Acanthocobitis rubidipinnis"
"Noemacheilus rubidipinnis","senior synonym",1021246,"Acanthocobitis rubidipinnis"
"Nemacheilus urophthalmus","senior synonym",1020689,"Acanthocobitis urophthalmus"
"Nemachilus urophthalmus","misspelling",1020689,"Acanthocobitis urophthalmus"
"Noemacheilus urophthalmus",NA,1020689,"Acanthocobitis urophthalmus"
"Paracanthocobitis urophthalma",NA,1020689,"Acanthocobitis urophthalmus"
"Acanthocybium forbesi",NA,127014,"Acanthocybium solandri"
"Acanthocybium petus",NA,127014,"Acanthocybium solandri"
"Acanthocybium sara",NA,127014,"Acanthocybium solandri"
"Acanthocybium solanderi","misspelling",127014,"Acanthocybium solandri"
"Acanthocybrium solandri","misspelling",127014,"Acanthocybium solandri"
"Acanthoscybium solanderi","misspelling",127014,"Acanthocybium solandri"
"Acantocybium solandri","misspelling",127014,"Acanthocybium solandri"
"Cybium petus",NA,127014,"Acanthocybium solandri"
"Cybium sara",NA,127014,"Acanthocybium solandri"
"Cybium solandri",NA,127014,"Acanthocybium solandri"
"Cybium verany",NA,127014,"Acanthocybium solandri"
"Jordanidia solandri","senior synonym",127014,"Acanthocybium solandri"
"Scomber amarui",NA,127014,"Acanthocybium solandri"
"Callichthys asper","synonym",1021601,"Acanthodoras cataphractus"
"Cataphractus americanus",NA,1021601,"Acanthodoras cataphractus"
"Cataphractus americanus","ambiguous synonym",1021601,"Acanthodoras cataphractus"
"Doras blochii","synonym",1021601,"Acanthodoras cataphractus"
"Doras castaneoventris","ambiguous synonym",1021601,"Acanthodoras cataphractus"
"Silurus cataphractus","synonym",1021601,"Acanthodoras cataphractus"
"Doras depressus",NA,1019981,"Acanthodoras depressus"
"Doras brunnescens","ambiguous synonym",1019764,"Acanthodoras spinosissimus"
"Doras spinosissimus",NA,1019764,"Acanthodoras spinosissimus"
"Aboma elongatus",NA,1014667,"Acanthogobius elongatus"
"Acanthogobius elongate",NA,1014667,"Acanthogobius elongatus"
"Aboma snyderi",NA,279475,"Acanthogobius flavimanus"
"Acanthogobius flavimannus","misspelling",279475,"Acanthogobius flavimanus"
"Gobius flavimanus",NA,279475,"Acanthogobius flavimanus"
"Gobius hasta",NA,279476,"Acanthogobius hasta"
"Synechogobius hasta",NA,279476,"Acanthogobius hasta"
"Synechogobius hastus",NA,279476,"Acanthogobius hasta"
"Aboma lactipes",NA,279477,"Acanthogobius lactipes"
"Gobius lactipes",NA,279477,"Acanthogobius lactipes"
"Gobius stigmothonus",NA,1460852,"Acanthogobius stigmothonus"
"Acantholabrus couchi",NA,126957,"Acantholabrus palloni"
"Acantholabrus couchii",NA,126957,"Acantholabrus palloni"
"Acantholabrus imbricatus",NA,126957,"Acantholabrus palloni"
"Crenilabrus luscus",NA,126957,"Acantholabrus palloni"
"Labrus pallidus",NA,126957,"Acantholabrus palloni"
"Labrus palloni",NA,126957,"Acantholabrus palloni"
"Lutjanus palloni",NA,126957,"Acantholabrus palloni"
"Lumpenus fowleri",NA,249703,"Acantholumpenus mackayi"
"Lumpenus mackayi",NA,249703,"Acantholumpenus mackayi"
"Acanthonus spinifer",NA,158998,"Acanthonus armatus"
"Chrysophrys australis",NA,279070,"Acanthopagrus australis"
"Mylio australis",NA,279070,"Acanthopagrus australis"
"Roughleyia australis",NA,279070,"Acanthopagrus australis"
"Sparus australis",NA,279070,"Acanthopagrus australis"
"Acanthopagrus bertha",NA,218588,"Acanthopagrus berda"
"Acanthopagrus calamara",NA,218588,"Acanthopagrus berda"
"Chrysophrys berda",NA,218588,"Acanthopagrus berda"
"Chrysophrys berda calamara",NA,218588,"Acanthopagrus berda"
"Chrysophrys calamara",NA,218588,"Acanthopagrus berda"
"Chrysophrys madagascariensis",NA,218588,"Acanthopagrus berda"
"Chrysophrys robinsoni",NA,218588,"Acanthopagrus berda"
"Mylio berda",NA,218588,"Acanthopagrus berda"
"Pagrus berda",NA,218588,"Acanthopagrus berda"
"Pagrus robinsoni",NA,218588,"Acanthopagrus berda"
"Sparus berda",NA,218588,"Acanthopagrus berda"
"Sparus calamara",NA,218588,"Acanthopagrus berda"
"Sparus hasta",NA,218588,"Acanthopagrus berda"
"Sparus madagascariensis",NA,218588,"Acanthopagrus berda"
"Chaetodon bifasciatus",NA,218589,"Acanthopagrus bifasciatus"
"Chrysophrys bifasciata",NA,218589,"Acanthopagrus bifasciatus"
"Chysophrys bifasciatus","senior synonym",218589,"Acanthopagrus bifasciatus"
"Holocentrus rabaji",NA,218589,"Acanthopagrus bifasciatus"
"Mylio bifasciatus",NA,218589,"Acanthopagrus bifasciatus"
"Sparus bifasciatus",NA,218589,"Acanthopagrus bifasciatus"
"Mylio butcheri",NA,279071,"Acanthopagrus butcheri"
"Labrus catenula","synonym",758011,"Acanthopagrus catenula"
"Sparus mylio","synonym",758011,"Acanthopagrus catenula"
"Acanthopagrus longispinnis",NA,313008,"Acanthopagrus datnia"
"Chrysophrys longispinnis",NA,313008,"Acanthopagrus datnia"
"Coius datnia",NA,313008,"Acanthopagrus datnia"
"Sparidentex datnia",NA,313008,"Acanthopagrus datnia"
"Sparus datnia","senior synonym",313008,"Acanthopagrus datnia"
"Sparus longispinnis",NA,313008,"Acanthopagrus datnia"
"Acanthopagros latus",NA,218587,"Acanthopagrus latus"
"Chrysophrys auripes",NA,218587,"Acanthopagrus latus"
"Chrysophrys datnia",NA,218587,"Acanthopagrus latus"
"Chrysophrys novaecaledoniae","ambiguous synonym",218587,"Acanthopagrus latus"
"Chrysophrys rubroptera",NA,218587,"Acanthopagrus latus"
"Chrysophrys xanthopoda",NA,218587,"Acanthopagrus latus"
"Mylio latus",NA,218587,"Acanthopagrus latus"
"Sparus chrysopterus",NA,218587,"Acanthopagrus latus"
"Sparus latus",NA,218587,"Acanthopagrus latus"
"Acanthopagrus morrisoni",NA,1577311,"Acanthopagrus morrisonae"
"Roughleyia palmaris",NA,279072,"Acanthopagrus palmaris"
"Acanthopagrus schlegeli","misspelling",293534,"Acanthopagrus schlegelii"
"Acanthopagrus schlegelii czerskii","subspecies not recognized",293534,"Acanthopagrus schlegelii"
"Acanthopagrus schlegelii schlegelii","subspecies not recognized",293534,"Acanthopagrus schlegelii"
"Acanthopagrus swinhonis czerskii",NA,293534,"Acanthopagrus schlegelii"
"Chrysophrys schlegelii",NA,293534,"Acanthopagrus schlegelii"
"Mylio macrocephalus",NA,293534,"Acanthopagrus schlegelii"
"Pagrus macrocephalus",NA,293534,"Acanthopagrus schlegelii"
"Sparus macrocephalus",NA,293534,"Acanthopagrus schlegelii"
"Sparus macrocephalus czerskii",NA,293534,"Acanthopagrus schlegelii"
"Sparus swinhonis czerskii",NA,293534,"Acanthopagrus schlegelii"
"Chrysophrys estuarius","synonym",313009,"Acanthopagrus vagus"
"Chrysophrys vagus","synonym",313009,"Acanthopagrus vagus"
"Pagrus caffer","synonym",313009,"Acanthopagrus vagus"
"Sparus vagus",NA,313009,"Acanthopagrus vagus"
"Acanthoclinus indicus",NA,218347,"Acanthoplesiops indicus"
"Neacanthopsis gracilentus",NA,1525064,"Acanthopsoides gracilentus"
"Acanthorhodeus asmussi sungariensis","junior synonym",1015529,"Acanthorhodeus chankaensis"
"Acanthorhodeus atranalis","synonym",1015529,"Acanthorhodeus chankaensis"
"Acanthorhodeus gracilis","synonym",1015529,"Acanthorhodeus chankaensis"
"Acanthorhodeus tokunagai",NA,1015529,"Acanthorhodeus chankaensis"
"Acanthorhodeus wangi","synonym",1015529,"Acanthorhodeus chankaensis"
"Acheilognathus bleekeri","junior synonym",1015529,"Acanthorhodeus chankaensis"
"Acheilognathus chankaensis",NA,1015529,"Acanthorhodeus chankaensis"
"Achilognathus chankaensis",NA,1015529,"Acanthorhodeus chankaensis"
"Devario chankaensis","synonym",1015529,"Acanthorhodeus chankaensis"
"Paracheilognathus bleekeri","synonym",1015529,"Acanthorhodeus chankaensis"
"Parachilognathus imberbis","synonym",1015529,"Acanthorhodeus chankaensis"
"Cocotropus dezwaani",NA,279482,"Acanthosphex leurynnis"
"Prosopodasys leurynnis",NA,279482,"Acanthosphex leurynnis"
"Acanthostracion guineensis",NA,238343,"Acanthostracion guineense"
"Lactophrys guineensis",NA,238343,"Acanthostracion guineense"
"Ostracion guineense",NA,238343,"Acanthostracion guineense"
"Ostracion guineensis",NA,238343,"Acanthostracion guineense"
"Ostracion guineënsis",NA,238343,"Acanthostracion guineense"
"Lactophrys notacanthus",NA,127410,"Acanthostracion notacanthus"
"Ostracion notacanthus",NA,127410,"Acanthostracion notacanthus"
"Ostracion quadricornis notacanthus",NA,127410,"Acanthostracion notacanthus"
"Acanthostracion poligonos","misspelling",1577312,"Acanthostracion polygonium"
"Acanthostracion polygonia","misspelling",1577312,"Acanthostracion polygonium"
"Acanthostracion polygonius",NA,1577312,"Acanthostracion polygonium"
"Lactophrys polygonia",NA,1577312,"Acanthostracion polygonium"
"Lactophrys polygonius","misspelling",1577312,"Acanthostracion polygonium"
"Lactophrys saxatilis",NA,1577312,"Acanthostracion polygonium"
"Acanthostracion tricornis",NA,158920,"Acanthostracion quadricornis"
"Lactophrys quadricornis",NA,158920,"Acanthostracion quadricornis"
"Lactophrys tricornis",NA,158920,"Acanthostracion quadricornis"
"Ostracion quadricornis",NA,158920,"Acanthostracion quadricornis"
"Ostracion tricornis",NA,158920,"Acanthostracion quadricornis"
"Acanthurus achillas","misspelling",272957,"Acanthurus achilles"
"Acanthurus aterrimus",NA,272957,"Acanthurus achilles"
"Hepatus achilles",NA,272957,"Acanthurus achilles"
"Hepatus aterrimus",NA,272957,"Acanthurus achilles"
"Teuthis achilles",NA,272957,"Acanthurus achilles"
"Teuthis aterrimus",NA,272957,"Acanthurus achilles"
"Hepatus bahianus",NA,159578,"Acanthurus bahianus"
"Teuthis bahianus",NA,159578,"Acanthurus bahianus"
"Acanthurus barine",NA,219637,"Acanthurus bariene"
"Acanthurus kingii",NA,219637,"Acanthurus bariene"
"Acanthurus nummifer",NA,219637,"Acanthurus bariene"
"Hepatus bariene",NA,219637,"Acanthurus bariene"
"Rhombotides nummifer",NA,219637,"Acanthurus bariene"
"Acanthurus chirurgicus","misspelling",159580,"Acanthurus chirurgus"
"Acanthurus phlebotomus",NA,159580,"Acanthurus chirurgus"
"Chaetodon chirurgus",NA,159580,"Acanthurus chirurgus"
"Acanthurus brevis",NA,159581,"Acanthurus coeruleus"
"Acanthurus broussonnetii",NA,159581,"Acanthurus coeruleus"
"Acanthurus caeruleus","misspelling",159581,"Acanthurus coeruleus"
"Acanthurus coerulus","misspelling",159581,"Acanthurus coeruleus"
"Acanthurus heliodes","misspelling",159581,"Acanthurus coeruleus"
"Acanthurus violaceus",NA,159581,"Acanthurus coeruleus"
"Acronurus caeruleatus",NA,159581,"Acanthurus coeruleus"
"Hepatus caeruleus","misspelling",159581,"Acanthurus coeruleus"
"Hepatus pawnee",NA,159581,"Acanthurus coeruleus"
"Teuthis coeruleus",NA,159581,"Acanthurus coeruleus"
"Teuthis helioides",NA,159581,"Acanthurus coeruleus"
"Acanthurus dussumiere","misspelling",219641,"Acanthurus dussumieri"
"Acanthurus dussumierri","misspelling",219641,"Acanthurus dussumieri"
"Acanthurus lamarrii",NA,219641,"Acanthurus dussumieri"
"Acanthurus undulatus",NA,219641,"Acanthurus dussumieri"
"Hepatus dussumieri",NA,219641,"Acanthurus dussumieri"
"Rhombotides dussumieri",NA,219641,"Acanthurus dussumieri"
"Rhombotides lamarrii",NA,219641,"Acanthurus dussumieri"
"Teuthis dussumieri",NA,219641,"Acanthurus dussumieri"
"Acanthurus gahm","misspelling",219636,"Acanthurus gahhm"
"Chaetodon nigrofuscus gahhm",NA,219636,"Acanthurus gahhm"
"Harpurus guttatus",NA,219650,"Acanthurus guttatus"
"Hepatus guttatus",NA,219650,"Acanthurus guttatus"
"Rhombotides guttatus",NA,219650,"Acanthurus guttatus"
"Teuthis guttatus",NA,219650,"Acanthurus guttatus"
"Zabrasoma guttatus",NA,219650,"Acanthurus guttatus"
"Acanthurus japonica","misspelling",272962,"Acanthurus japonicus"
"Acanthurus japonicas","misspelling",272962,"Acanthurus japonicus"
"Hepatus aliala japonicus",NA,272962,"Acanthurus japonicus"
"Acanthurus leucochilus",NA,219629,"Acanthurus leucocheilus"
"Acanthurus leuocheilus","misspelling",219629,"Acanthurus leucocheilus"
"Acanthurus leuococheilus","misspelling",219629,"Acanthurus leucocheilus"
"Acanthurus melanosternon",NA,219629,"Acanthurus leucocheilus"
"Hepatus leucopareius",NA,219624,"Acanthurus leucopareius"
"Hepatus umbra",NA,219624,"Acanthurus leucopareius"
"Teuthis bishopi",NA,219624,"Acanthurus leucopareius"
"Teuthis leucopareius",NA,219624,"Acanthurus leucopareius"
"Teuthis umbra",NA,219624,"Acanthurus leucopareius"
"Acanthurus delisiani",NA,219628,"Acanthurus leucosternon"
"Acanthurus delisianus",NA,219628,"Acanthurus leucosternon"
"Acanthurus leucosternum","misspelling",219628,"Acanthurus leucosternon"
"Hepatus leucosternon",NA,219628,"Acanthurus leucosternon"
"Rhombotides leucosternon",NA,219628,"Acanthurus leucosternon"
"Acanthurus vittatus",NA,159582,"Acanthurus lineatus"
"Chaetodon lineatus",NA,159582,"Acanthurus lineatus"
"Ctenodon lineatus",NA,159582,"Acanthurus lineatus"
"Harpurus lineatus",NA,159582,"Acanthurus lineatus"
"Hepatus lineatus",NA,159582,"Acanthurus lineatus"
"Rhombotides lineatus",NA,159582,"Acanthurus lineatus"
"Teuthis lineatus",NA,159582,"Acanthurus lineatus"
"Hepatus maculiceps",NA,272963,"Acanthurus maculiceps"
"Acanthurus aurolineatus",NA,219651,"Acanthurus mata"
"Acanthurus bleekeri",NA,219651,"Acanthurus mata"
"Acanthurus weberi",NA,219651,"Acanthurus mata"
"Chaetodon mata",NA,219651,"Acanthurus mata"
"Chaetodon meta","misspelling",219651,"Acanthurus mata"
"Hepatus weberi",NA,219651,"Acanthurus mata"
"Acanthurus monrovie",NA,126750,"Acanthurus monroviae"
"Teuthis munroviae",NA,126750,"Acanthurus monroviae"
"Acanthurus aliala",NA,219638,"Acanthurus nigricans"
"Acanthurus glaucoparecius","misspelling",219638,"Acanthurus nigricans"
"Acanthurus glaucopareius",NA,219638,"Acanthurus nigricans"
"Chaetodon nigricans",NA,219638,"Acanthurus nigricans"
"Hepatus aliala",NA,219638,"Acanthurus nigricans"
"Acanthurus gahm nigricauda",NA,219626,"Acanthurus nigricauda"
"Acanthurus nigricauada",NA,219626,"Acanthurus nigricauda"
"Acanthurus nigricaudus","misspelling",219626,"Acanthurus nigricauda"
"Acanthurus fuliginosus",NA,219640,"Acanthurus nigrofuscus"
"Acanthurus lineolatus",NA,219640,"Acanthurus nigrofuscus"
"Acanthurus matoides",NA,219640,"Acanthurus nigrofuscus"
"Acanthurus rubropunctatus",NA,219640,"Acanthurus nigrofuscus"
"Chaetodon nigrofuscus",NA,219640,"Acanthurus nigrofuscus"
"Ctenodon rubropunctatus",NA,219640,"Acanthurus nigrofuscus"
"Hepatus fuliginosus",NA,219640,"Acanthurus nigrofuscus"
"Hepatus lineolatus",NA,219640,"Acanthurus nigrofuscus"
"Hepatus lucillae",NA,219640,"Acanthurus nigrofuscus"
"Teuthis lucillae",NA,219640,"Acanthurus nigrofuscus"
"Acanthurus atramentatus",NA,219642,"Acanthurus nigroris"
"Acanthurus bipunctatus",NA,219642,"Acanthurus nigroris"
"Acanthurus nigros",NA,219642,"Acanthurus nigroris"
"Hepatus atramentatus",NA,219642,"Acanthurus nigroris"
"Teuthis atrimentatus",NA,219642,"Acanthurus nigroris"
"Harpurina nubilus",NA,272964,"Acanthurus nubilus"
"Hepatus nubilus",NA,272964,"Acanthurus nubilus"
"Acanthurus chrysosoma",NA,219625,"Acanthurus olivaceus"
"Acanthurus eparai","junior synonym",219625,"Acanthurus olivaceus"
"Acanthurus eparei",NA,219625,"Acanthurus olivaceus"
"Acanthurus erythromelas",NA,219625,"Acanthurus olivaceus"
"Acanthurus humeralis",NA,219625,"Acanthurus olivaceus"
"Acanthurus olicaceous",NA,219625,"Acanthurus olivaceus"
"Ctenodon erythromelas","synonym",219625,"Acanthurus olivaceus"
"Harpurus paroticus",NA,219625,"Acanthurus olivaceus"
"Hepatus chrysosoma",NA,219625,"Acanthurus olivaceus"
"Hepatus olivaceus",NA,219625,"Acanthurus olivaceus"
"Rhombotides olivaceus",NA,219625,"Acanthurus olivaceus"
"Rhombotides xanthosoma",NA,219625,"Acanthurus olivaceus"
"Teuthis olivaceus",NA,219625,"Acanthurus olivaceus"
"Acanthurus triostegus polyzona",NA,219652,"Acanthurus polyzona"
"Rhombotides polyzona",NA,219652,"Acanthurus polyzona"
"Acanthurus armiger","synonym",219648,"Acanthurus pyroferus"
"Acanthurus celebicus",NA,219648,"Acanthurus pyroferus"
"Acanthurus fuscus",NA,219648,"Acanthurus pyroferus"
"Hepatus celebicus",NA,219648,"Acanthurus pyroferus"
"Hepatus pyriferus","misspelling",219648,"Acanthurus pyroferus"
"Hepatus pyroferus",NA,219648,"Acanthurus pyroferus"
"Rhombotides celebicus",NA,219648,"Acanthurus pyroferus"
"Acanthurus carinatus",NA,219649,"Acanthurus sohal"
"Aspisurus sohar","misspelling",219649,"Acanthurus sohal"
"Chaetodon sohal",NA,219649,"Acanthurus sohal"
"Chaetodon sohar","misspelling",219649,"Acanthurus sohal"
"Choetodon sohab","misspelling",219649,"Acanthurus sohal"
"Ctenodon ruppelii",NA,219649,"Acanthurus sohal"
"Acanthurus bicommatus","synonym",219632,"Acanthurus tennentii"
"Acanthurus plagiatus",NA,219632,"Acanthurus tennentii"
"Acanthurus tennenti","misspelling",219632,"Acanthurus tennentii"
"Acanthurus philippinus",NA,219646,"Acanthurus thompsoni"
"Hepatus philippinus",NA,219646,"Acanthurus thompsoni"
"Hepatus thompsoni",NA,219646,"Acanthurus thompsoni"
"Teuthis thompsoni",NA,219646,"Acanthurus thompsoni"
"Acronurus nigriculus",NA,301914,"Acanthurus tractus"
"Teuthis tractus",NA,301914,"Acanthurus tractus"
"Acanthurus hirudo",NA,219630,"Acanthurus triostegus"
"Acanthurus hirundo","junior synonym",219630,"Acanthurus triostegus"
"Acanthurus pentazona",NA,219630,"Acanthurus triostegus"
"Acanthurus sandvicensis",NA,219630,"Acanthurus triostegus"
"Acanthurus subarmatus",NA,219630,"Acanthurus triostegus"
"Acanthurus triastegus","misspelling",219630,"Acanthurus triostegus"
"Acanthurus triostegus marquesensis",NA,219630,"Acanthurus triostegus"
"Acanthurus triostegus sandvicensis","synonym",219630,"Acanthurus triostegus"
"Acanthurus triostegus triostegus",NA,219630,"Acanthurus triostegus"
"Acanthurus triostegust","misspelling",219630,"Acanthurus triostegus"
"Acanthurus zebra",NA,219630,"Acanthurus triostegus"
"Chaetodon couaga",NA,219630,"Acanthurus triostegus"
"Chaetodon triostegus",NA,219630,"Acanthurus triostegus"
"Harpurus fasciatus",NA,219630,"Acanthurus triostegus"
"Hepatus sandvicensis",NA,219630,"Acanthurus triostegus"
"Hepatus triostegus",NA,219630,"Acanthurus triostegus"
"Rhombotides pentazona",NA,219630,"Acanthurus triostegus"
"Rhombotides triostegus",NA,219630,"Acanthurus triostegus"
"Teuthis australis",NA,219630,"Acanthurus triostegus"
"Teuthis elegans",NA,219630,"Acanthurus triostegus"
"Teuthis sandvicensis",NA,219630,"Acanthurus triostegus"
"Teuthis triostegus",NA,219630,"Acanthurus triostegus"
"Teuthis troughtoni",NA,219630,"Acanthurus triostegus"
"Acanthurus crestonis",NA,219634,"Acanthurus xanthopterus"
"Acanthurus rasi",NA,219634,"Acanthurus xanthopterus"
"Acanthurus reticulatus",NA,219634,"Acanthurus xanthopterus"
"Hepatus aquilinus",NA,219634,"Acanthurus xanthopterus"
"Hepatus crestonis",NA,219634,"Acanthurus xanthopterus"
"Hepatus guntheri","misspelling",219634,"Acanthurus xanthopterus"
"Hepatus xanthopterus",NA,219634,"Acanthurus xanthopterus"
"Teuthis crestonis",NA,219634,"Acanthurus xanthopterus"
"Teuthis guentheri",NA,219634,"Acanthurus xanthopterus"
"Teuthis guentheri",NA,219634,"Acanthurus xanthopterus"
"Teuthis güntheri","misspelling",219634,"Acanthurus xanthopterus"
"Teuthis xanthopterus",NA,219634,"Acanthurus xanthopterus"
"Acanthopsis biaculeata",NA,1022744,"Acantopsis dialuzona"
"Acanthopsis choerorhynchus","misspelling",1022744,"Acantopsis dialuzona"
"Acanthopsis choirorhynchos","misspelling",1022744,"Acantopsis dialuzona"
"Acanthopsis choirorhynchus","misspelling",1022744,"Acantopsis dialuzona"
"Acanthopsis choirorrhynchus","misspelling",1022744,"Acantopsis dialuzona"
"Acantopsis biaculeata",NA,1022744,"Acantopsis dialuzona"
"Acantopsis choirorhynchos",NA,1022744,"Acantopsis dialuzona"
"Cobitis choirorhynchos","synonym",1022744,"Acantopsis dialuzona"
"Cobitis macrorhynchos",NA,1022744,"Acantopsis dialuzona"
"Acanthopsis spectabilis",NA,1420021,"Acantopsis spectabilis"
"Prostheacanthus spectabilis","synonym",1420021,"Acantopsis spectabilis"
"Capoeta tanganicae",NA,1018977,"Acapoeta tanganicae"
"Varicorhinus tanganicae","senior synonym",1018977,"Acapoeta tanganicae"
"Acara heckelii","synonym",1020157,"Acarichthys heckelii"
"Acara subocularis",NA,1020157,"Acarichthys heckelii"
"Acarichthys heckeli",NA,1020157,"Acarichthys heckelii"
"Acarichthys heckelli",NA,1020157,"Acarichthys heckelii"
"Geophagus thayeri","synonym",1020157,"Acarichthys heckelii"
"Acara cognatus","synonym",1026272,"Acaronia nassa"
"Acara nassa",NA,1026272,"Acaronia nassa"
"Acara unicolor","synonym",1026272,"Acaronia nassa"
"Apistogramma ambloplitoides",NA,1026272,"Acaronia nassa"
"Centrarchus rostratus","synonym",1026272,"Acaronia nassa"
"Amoya caninus","senior synonym",219372,"Acentrogobius caninus"
"Ctenogobius caninus",NA,219372,"Acentrogobius caninus"
"Gobius caninus",NA,219372,"Acentrogobius caninus"
"Gobius philipi",NA,219372,"Acentrogobius caninus"
"Gobius philippi","misspelling",219372,"Acentrogobius caninus"
"Radigobius caninus","misspelling",219372,"Acentrogobius caninus"
"Yongeichthys caninus",NA,219372,"Acentrogobius caninus"
"Amoya chlorostigmatoides",NA,278776,"Acentrogobius chlorostigmatoides"
"Creisson chlorostigmatoides",NA,278776,"Acentrogobius chlorostigmatoides"
"Gobius chlorostigmatoides",NA,278776,"Acentrogobius chlorostigmatoides"
"Aulopareia cyanomos",NA,278777,"Acentrogobius cyanomos"
"Gobius cyanomos",NA,278777,"Acentrogobius cyanomos"
"Gobius griseus",NA,278781,"Acentrogobius griseus"
"Amoya janthinopterus",NA,278782,"Acentrogobius janthinopterus"
"Creisson janthinopterus",NA,278782,"Acentrogobius janthinopterus"
"Gobius janthinopterus",NA,278782,"Acentrogobius janthinopterus"
"Gobius masoni",NA,278783,"Acentrogobius masoni"
"Amoya lopezi",NA,312541,"Acentrogobius moloanus"
"Amoya moloana","misspelling",312541,"Acentrogobius moloanus"
"Amoya moloanus",NA,312541,"Acentrogobius moloanus"
"Aparrius moloanus",NA,312541,"Acentrogobius moloanus"
"Ctenogobius moloanus",NA,312541,"Acentrogobius moloanus"
"Mindorogobius lopezi",NA,312541,"Acentrogobius moloanus"
"Amoya multifasciata",NA,367199,"Acentrogobius multifasciatus"
"Ctenogobius multifasciatus",NA,367199,"Acentrogobius multifasciatus"
"Rhinogobius multifasciatus",NA,367199,"Acentrogobius multifasciatus"
"Ctenogobius nebulosus",NA,312542,"Acentrogobius nebulosus"
"Ctenogobius petersenii",NA,312542,"Acentrogobius nebulosus"
"Gobius auchenotaenia",NA,312542,"Acentrogobius nebulosus"
"Gobius baliuroides",NA,312542,"Acentrogobius nebulosus"
"Gobius brevifilis",NA,312542,"Acentrogobius nebulosus"
"Gobius caninus africanus",NA,312542,"Acentrogobius nebulosus"
"Gobius caninus var. africana","synonym",312542,"Acentrogobius nebulosus"
"Gobius criniger decaryi",NA,312542,"Acentrogobius nebulosus"
"Gobius festivus",NA,312542,"Acentrogobius nebulosus"
"Gobius nebulosus",NA,312542,"Acentrogobius nebulosus"
"Gobius petersii",NA,312542,"Acentrogobius nebulosus"
"Rhinogobius baliuroides",NA,312542,"Acentrogobius nebulosus"
"Rhinogobius lungi",NA,312542,"Acentrogobius nebulosus"
"Rhinogobius nebulosus",NA,312542,"Acentrogobius nebulosus"
"Yongeichthys nebulosus",NA,312542,"Acentrogobius nebulosus"
"Acanthogobius pflaumi","misspelling",278785,"Acentrogobius pflaumii"
"Acentrogobius pflaumi","misspelling",278785,"Acentrogobius pflaumii"
"Amoya pflaumi","misspelling",278785,"Acentrogobius pflaumii"
"Amoya pflaumii",NA,278785,"Acentrogobius pflaumii"
"Gobius pflaumii",NA,278785,"Acentrogobius pflaumii"
"Rhinogobius pflaumi","misspelling",278785,"Acentrogobius pflaumii"
"Acentrogobius ferox",NA,219371,"Acentrogobius simplex"
"Gobius simplex",NA,219371,"Acentrogobius simplex"
"Amoya suluensis",NA,278787,"Acentrogobius suluensis"
"Ctenogobius suluensis",NA,278787,"Acentrogobius suluensis"
"Rhinogobius suluensis",NA,278787,"Acentrogobius suluensis"
"Aboma viganensis",NA,278788,"Acentrogobius viganensis"
"Amoya viganensis",NA,278788,"Acentrogobius viganensis"
"Gobius viganensis",NA,278788,"Acentrogobius viganensis"
"Acentrogobius sealei",NA,219369,"Acentrogobius viridipunctatus"
"Creisson sealei","synonym",219369,"Acentrogobius viridipunctatus"
"Ctenogobius viridipunctatus",NA,219369,"Acentrogobius viridipunctatus"
"Gobius chlorostigma",NA,219369,"Acentrogobius viridipunctatus"
"Gobius viridipunctatus",NA,219369,"Acentrogobius viridipunctatus"
"Heptapterus fissipinnis",NA,1605248,"Acentronichthys fissipinnis"
"Heptapterus leptos",NA,1010361,"Acentronichthys leptos"
"Atelurus germani",NA,217980,"Acentronura gracilissima"
"Hippocampus gracilissimus",NA,217980,"Acentronura gracilissima"
"Acentronura mossambica",NA,217979,"Acentronura tentaculata"
"Syngnathoides algensis",NA,217979,"Acentronura tentaculata"
"Acestridium colombiensis",NA,1525288,"Acestridium colombiense"
"Cynopotamus anomalus",NA,1466506,"Acestrocephalus anomalus"
"Xiphorhamphus anomalus",NA,1466506,"Acestrocephalus anomalus"
"Acestrocephalus bohlkei",NA,1012665,"Acestrocephalus boehlkei"
"Acestrocephalus ginesi",NA,1010237,"Acestrocephalus sardina"
"Charax sardina","synonym",1010237,"Acestrocephalus sardina"
"Cynopotamus sardina",NA,1010237,"Acestrocephalus sardina"
"Xiphorhamphus abbreviatus","synonym",1423173,"Acestrorhynchus abbreviatus"
"Salmo falcatus",NA,874265,"Acestrorhynchus falcatus"
"Salmo pulverulentus","synonym",874265,"Acestrorhynchus falcatus"
"Xiphorhamphus ferox","synonym",874265,"Acestrorhynchus falcatus"
"Hydrocyon falcirostris",NA,1417992,"Acestrorhynchus falcirostris"
"Xiphoramphus falcirostris","senior synonym",1417992,"Acestrorhynchus falcirostris"
"Xiphorhynchus falcirostris","senior synonym",1417992,"Acestrorhynchus falcirostris"
"Xiphorhamphus heterolepis","synonym",1423145,"Acestrorhynchus heterolepis"
"Xiphorhamphus lacustris",NA,1391243,"Acestrorhynchus lacustris"
"Acestorhynchus microlepis",NA,1010773,"Acestrorhynchus microlepis"
"Acestrorhynchus apurensis",NA,1010773,"Acestrorhynchus microlepis"
"Acestrorhynchus cachorro","synonym",1010773,"Acestrorhynchus microlepis"
"Acestrorhynchus guianensis","synonym",1010773,"Acestrorhynchus microlepis"
"Hydrocyon microlepis",NA,1010773,"Acestrorhynchus microlepis"
"Acanthorhodeus asmussi",NA,1020529,"Acheilognathus asmussii"
"Acanthorhodeus asmussii",NA,1020529,"Acheilognathus asmussii"
"Acanthorhodeus asmussii amurensis",NA,1020529,"Acheilognathus asmussii"
"Acheilognathus assmussii",NA,1020529,"Acheilognathus asmussii"
"Devario asmussii",NA,1020529,"Acheilognathus asmussii"
"Acanthorhodeus barbatulus",NA,1014925,"Acheilognathus barbatulus"
"Acheilognathus argenteus",NA,1014925,"Acheilognathus barbatulus"
"Acheilognathus shibatae","synonym",1014925,"Acheilognathus barbatulus"
"Achilognathus barbatulus","misspelling",1014925,"Acheilognathus barbatulus"
"Acheilognathus elongatus brevicaudatus",NA,1524136,"Acheilognathus brevicaudatus"
"Acheilognathus koreanus",NA,1467854,"Acheilognathus coreanus"
"Achilognathus coreanus",NA,1467854,"Acheilognathus coreanus"
"Acheilognathus brevianalis",NA,1017837,"Acheilognathus cyanostigma"
"Acanthorhodeus deignani","synonym",1014434,"Acheilognathus deignani"
"Acanthorhodeus elongatus","synonym",1017027,"Acheilognathus elongatus"
"Acanthorhodeus grahami",NA,1017027,"Acheilognathus elongatus"
"Acanthorhodeus fowleri",NA,1013567,"Acheilognathus gracilis"
"Acheilognathus gracilis gracilis","senior synonym",1013567,"Acheilognathus gracilis"
"Acheilognathus gracilis luchowensis","junior synonym",1013567,"Acheilognathus gracilis"
"Acheilognathus luchowensis","synonym",1013567,"Acheilognathus gracilis"
"Pseudoperilampus hondae",NA,1525907,"Acheilognathus hondae"
"Rhodeus hondae",NA,1525907,"Acheilognathus hondae"
"Acanthorhodeus hypselonotus",NA,1020565,"Acheilognathus hypselonotus"
"Achilognathus imberbis","misspelling",1421319,"Acheilognathus imberbis"
"Paracheilognathus imberbis","senior synonym",1421319,"Acheilognathus imberbis"
"Acheilognathus imtermebia",NA,1021973,"Acheilognathus intermedia"
"Capoeta intermedia",NA,1021973,"Acheilognathus intermedia"
"Pararhodeus kyphus",NA,1524301,"Acheilognathus kyphus"
"Acanthorhodeus longibarbatus",NA,1012622,"Acheilognathus longibarbatus"
"Achilognathus longipinnis",NA,1526167,"Acheilognathus longipinnis"
"Acanthorhodeus bergi","synonym",279486,"Acheilognathus macropterus"
"Acanthorhodeus dicaeus","synonym",279486,"Acheilognathus macropterus"
"Acanthorhodeus guichenoti","synonym",279486,"Acheilognathus macropterus"
"Acanthorhodeus jeholicus","synonym",279486,"Acheilognathus macropterus"
"Acanthorhodeus longispinnis","synonym",279486,"Acheilognathus macropterus"
"Acanthorhodeus macropterus","synonym",279486,"Acheilognathus macropterus"
"Acanthorhodeus ngowyangi","synonym",279486,"Acheilognathus macropterus"
"Acheilognathus dicaeus",NA,279486,"Acheilognathus macropterus"
"Acheliognathus macropterus","misspelling",279486,"Acheilognathus macropterus"
"Paracheilognathus jeholicus",NA,279486,"Acheilognathus macropterus"
"Acheilognathus moriokae","synonym",279487,"Acheilognathus melanogaster"
"Paracheilognathus meridianus",NA,1014923,"Acheilognathus meridianus"
"Acheilognathus elongatus elongatus",NA,1523901,"Acheilognathus microphysa"
"Acheilognathus elongatus microphysa",NA,1523901,"Acheilognathus microphysa"
"Acanthorhodeus omeiensis",NA,1015521,"Acheilognathus omeiensis"
"Paracheilognathus peihoensis",NA,1017831,"Acheilognathus peihoensis"
"Acanthorhodeus polylepis",NA,1013561,"Acheilognathus polylepis"
"Acanthorhodeus dayeus",NA,1012621,"Acheilognathus polyspinus"
"Acanthorhodeus polyspinus","synonym",1012621,"Acheilognathus polyspinus"
"Acheilognathus rhombea",NA,1022001,"Acheilognathus rhombeus"
"Capoeta rhombea",NA,1022001,"Acheilognathus rhombeus"
"Paracheilognathus rhombeus","senior synonym",1022001,"Acheilognathus rhombeus"
"Acheilognathus lanceolata tabira","senior synonym",1017240,"Acheilognathus tabira"
"Acheilognathus tabira erythropterus",NA,1017240,"Acheilognathus tabira"
"Acheilognathus tabira jordani",NA,1017240,"Acheilognathus tabira"
"Acheilognathus tabira nakamurae",NA,1017240,"Acheilognathus tabira"
"Acheilognathus tabira tabira",NA,1017240,"Acheilognathus tabira"
"Acheilognathus tabira tohokuensis",NA,1017240,"Acheilognathus tabira"
"Paracheilognathus tabira",NA,1017240,"Acheilognathus tabira"
"Paracheilognathus tabira tabira","senior synonym",1017240,"Acheilognathus tabira"
"Acanthorhodeus taenianalis",NA,1026267,"Acheilognathus taenianalis"
"Acanthorhodeus macropterus tonkinensis","senior synonym",1013099,"Acheilognathus tonkinensis"
"Acanthorhodeus robustus",NA,1013099,"Acheilognathus tonkinensis"
"Acanthorhodeus tonkinensis","synonym",1013099,"Acheilognathus tonkinensis"
"Pseudoperilampus typus",NA,1021108,"Acheilognathus typus"
"Acheilognathus yarmatsutae",NA,1016025,"Acheilognathus yamatsutae"
"Achiroides melanorhijnchus","misspelling",279489,"Achiroides melanorhynchus"
"Achiroides melanorhinchus","misspelling",279489,"Achiroides melanorhynchus"
"Achiroides melanorhynchos","misspelling",279489,"Achiroides melanorhynchus"
"Eurypleura melanorhyncha",NA,279489,"Achiroides melanorhynchus"
"Plagusia melanorhynchus",NA,279489,"Achiroides melanorhynchus"
"Synaptura achira",NA,279489,"Achiroides melanorhynchus"
"Synaptura melanorhyncha",NA,279489,"Achiroides melanorhynchus"
"Achiropsetta heterolepis",NA,234676,"Achiropsetta tricholepis"
"Mancopsetta argentina",NA,234676,"Achiropsetta tricholepis"
"Mancopsetta tricholepis",NA,234676,"Achiropsetta tricholepis"
"Achirus maculipinnis gunteri",NA,279490,"Achirus achirus"
"Monochir punctifer",NA,279490,"Achirus achirus"
"Monochirus lineatus",NA,279490,"Achirus achirus"
"Pleuronectes achirus",NA,279490,"Achirus achirus"
"Achirus achirus declivis",NA,279491,"Achirus declivis"
"Solea klunzingeri",NA,279492,"Achirus klunzingeri"
"Pleuronectes lineatus",NA,279493,"Achirus lineatus"
"Pleuronectes nigricans",NA,279493,"Achirus lineatus"
"Solea mazatlana",NA,279494,"Achirus mazatlanus"
"Solea scutum",NA,279495,"Achirus scutum"
"Trinectes zebrinus",NA,279496,"Achirus zebrinus"
"Labrus gouldii",NA,279497,"Achoerodus gouldii"
"Platychoerops muelleri",NA,279497,"Achoerodus gouldii"
"Heterochoerops viridis",NA,279498,"Achoerodus viridis"
"Platychoerops badius",NA,279498,"Achoerodus viridis"
"Trochocopus unicolor",NA,279498,"Achoerodus viridis"
"Chondrostoma arcasii","senior synonym",1020903,"Achondrostoma arcasii"
"Leuciscus arcasii",NA,1020903,"Achondrostoma arcasii"
"Leucos arcasii",NA,1020903,"Achondrostoma arcasii"
"Rutilus arcasi","misspelling",1020903,"Achondrostoma arcasii"
"Rutilus arcasii",NA,1020903,"Achondrostoma arcasii"
"Rutilus rubilio arcasi",NA,1020903,"Achondrostoma arcasii"
"Chondrostoma occidentale",NA,1009317,"Achondrostoma occidentale"
"Chondrostoma macrolepidotum",NA,1009326,"Achondrostoma oligolepis"
"Chondrostoma oligolepis",NA,1009326,"Achondrostoma oligolepis"
"Leuciscus macrolepidotus",NA,1009326,"Achondrostoma oligolepis"
"Rutilus macrolepidotus",NA,1009326,"Achondrostoma oligolepis"
"Acipenser baeri","misspelling",233942,"Acipenser baerii"
"Acipenser baeri baicalensis",NA,233942,"Acipenser baerii"
"Acipenser baeri stenorrhynchus","misspelling",233942,"Acipenser baerii"
"Acipenser baerii baerii",NA,233942,"Acipenser baerii"
"Acipenser baerii baicalensis",NA,233942,"Acipenser baerii"
"Acipenser baerii baikalensis","misspelling",233942,"Acipenser baerii"
"Acipenser baerii stenorrhynchus",NA,233942,"Acipenser baerii"
"Acipenser baieri","misspelling",233942,"Acipenser baerii"
"Acipenser stenorrhynchus","synonym",233942,"Acipenser baerii"
"Acipenser stenorrhynchus baicalensis","synonym",233942,"Acipenser baerii"
"Acipenser brevirostris","misspelling",157869,"Acipenser brevirostrum"
"Accipenser fulvescens",NA,271694,"Acipenser fulvescens"
"Acipenser rubicundus",NA,271694,"Acipenser fulvescens"
"Acipenser aculeatus",NA,126275,"Acipenser gueldenstaedtii"
"Acipenser brevirostris",NA,126275,"Acipenser gueldenstaedtii"
"Acipenser brevirostris",NA,126275,"Acipenser gueldenstaedtii"
"Acipenser gueldenstadti",NA,126275,"Acipenser gueldenstaedtii"
"Acipenser gueldenstadti var. colchica","misspelling",126275,"Acipenser gueldenstaedtii"
"Acipenser gueldenstadtii","misspelling",126275,"Acipenser gueldenstaedtii"
"Acipenser gueldenstaedti","misspelling",126275,"Acipenser gueldenstaedtii"
"Acipenser gueldenstaedti acutirostris",NA,126275,"Acipenser gueldenstaedtii"
"Acipenser gueldenstaedti colchicus natio danubicus","synonym",126275,"Acipenser gueldenstaedtii"
"Acipenser gueldenstaedti golis",NA,126275,"Acipenser gueldenstaedtii"
"Acipenser gueldenstaedti longirostris",NA,126275,"Acipenser gueldenstaedtii"
"Acipenser gueldenstaedti scaber",NA,126275,"Acipenser gueldenstaedtii"
"Acipenser gueldenstaedti tanaica",NA,126275,"Acipenser gueldenstaedtii"
"Acipenser gueldenstaedtii scobar",NA,126275,"Acipenser gueldenstaedtii"
"Acipenser gueldenstaedtii var. colchicus",NA,126275,"Acipenser gueldenstaedtii"
"Acipenser guldenstadti","misspelling",126275,"Acipenser gueldenstaedtii"
"Acipenser güldenstädti","misspelling",126275,"Acipenser gueldenstaedtii"
"Acipenser guldenstaedti","misspelling",126275,"Acipenser gueldenstaedtii"
"Acipenser güldenstaedti","misspelling",126275,"Acipenser gueldenstaedtii"
"Acipenser macrophthalmus",NA,126275,"Acipenser gueldenstaedtii"
"Acipenser macrophthalmus",NA,126275,"Acipenser gueldenstaedtii"
"Acipenser medius",NA,126275,"Acipenser gueldenstaedtii"
"Acipenser medius",NA,126275,"Acipenser gueldenstaedtii"
"Acipenser pygmaeus",NA,126275,"Acipenser gueldenstaedtii"
"Acipenser tücka","misspelling",126275,"Acipenser gueldenstaedtii"
"Acipenser tuecka",NA,126275,"Acipenser gueldenstaedtii"
"Acipenser acutirostris",NA,271695,"Acipenser medirostris"
"Accipenser lutescens",NA,126276,"Acipenser naccarii"
"Acipenser heckelii",NA,126276,"Acipenser naccarii"
"Acipenser heckelii",NA,126276,"Acipenser naccarii"
"Acipenser ladanus",NA,126276,"Acipenser naccarii"
"Acipenser ladanus",NA,126276,"Acipenser naccarii"
"Acipenser naccari","misspelling",126276,"Acipenser naccarii"
"Acipenser nardoi",NA,126276,"Acipenser naccarii"
"Acipenser nasus","synonym",126276,"Acipenser naccarii"
"Acipenser platycephalus",NA,126276,"Acipenser naccarii"
"Acipenser platycephalus",NA,126276,"Acipenser naccarii"
"Acipenser sturionaster",NA,126276,"Acipenser naccarii"
"Acipenser sturionellus",NA,126276,"Acipenser naccarii"
"Acipenser glaber",NA,126277,"Acipenser nudiventris"
"Acipenser nudivenris","misspelling",126277,"Acipenser nudiventris"
"Acipenser nudiventris derjavini",NA,126277,"Acipenser nudiventris"
"Acipenser schypa",NA,126277,"Acipenser nudiventris"
"Acipenser schypa",NA,126277,"Acipenser nudiventris"
"Acipenser turritus",NA,126277,"Acipenser nudiventris"
"Acipenser turritus",NA,126277,"Acipenser nudiventris"
"Acipenser bairdii",NA,151802,"Acipenser oxyrinchus"
"Acipenser girardi",NA,151802,"Acipenser oxyrinchus"
"Acipenser hallowellii",NA,151802,"Acipenser oxyrinchus"
"Acipenser holbrookii",NA,151802,"Acipenser oxyrinchus"
"Acipenser kennicottii",NA,151802,"Acipenser oxyrinchus"
"Acipenser lecontei",NA,151802,"Acipenser oxyrinchus"
"Acipenser lichtensteinii",NA,151802,"Acipenser oxyrinchus"
"Acipenser macrorhinus",NA,151802,"Acipenser oxyrinchus"
"Acipenser oxyrhynchus","misspelling",151802,"Acipenser oxyrinchus"
"Acipenser oxyrhynchus desotoi","misspelling",151802,"Acipenser oxyrinchus"
"Acipenser oxyrhynchus oxyrhynchus","misspelling",151802,"Acipenser oxyrinchus"
"Acipenser oxyrinchus de sotoi","misspelling",151802,"Acipenser oxyrinchus"
"Acipenser oxyrinchus desotoi",NA,151802,"Acipenser oxyrinchus"
"Acipenser oxyrinchus oxyrinchus",NA,151802,"Acipenser oxyrinchus"
"Sturio accipenser",NA,151802,"Acipenser oxyrinchus"
"Acipenser colchicus",NA,238344,"Acipenser persicus"
"Acipenser gueldenstadti colchica",NA,238344,"Acipenser persicus"
"Acipenser gueldenstaedti colchicus","misspelling",238344,"Acipenser persicus"
"Acipenser gueldenstaedti persicus",NA,238344,"Acipenser persicus"
"Acipenser gueldenstaedtii colchicus",NA,238344,"Acipenser persicus"
"Acipenser güldenstädti persicus","synonym",238344,"Acipenser persicus"
"Acipenser dubius",NA,233941,"Acipenser ruthenus"
"Acipenser dubius",NA,233941,"Acipenser ruthenus"
"Acipenser gmelini",NA,233941,"Acipenser ruthenus"
"Acipenser jeniscensis","synonym",233941,"Acipenser ruthenus"
"Acipenser jenisensis",NA,233941,"Acipenser ruthenus"
"Acipenser kamensis",NA,233941,"Acipenser ruthenus"
"Acipenser kankreni",NA,233941,"Acipenser ruthenus"
"Acipenser kostera",NA,233941,"Acipenser ruthenus"
"Acipenser lovetzkyi",NA,233941,"Acipenser ruthenus"
"Acipenser marsiglii",NA,233941,"Acipenser ruthenus"
"Acipenser pygmaeus",NA,233941,"Acipenser ruthenus"
"Acipenser ruthenicus",NA,233941,"Acipenser ruthenus"
"Acipenser ruthensis","misspelling",233941,"Acipenser ruthenus"
"Acipenser ruthenus alba",NA,233941,"Acipenser ruthenus"
"Acipenser ruthenus albinea",NA,233941,"Acipenser ruthenus"
"Acipenser ruthenus birostrata",NA,233941,"Acipenser ruthenus"
"Acipenser ruthenus brevirostris",NA,233941,"Acipenser ruthenus"
"Acipenser ruthenus erytraea",NA,233941,"Acipenser ruthenus"
"Acipenser ruthenus grisescens","synonym",233941,"Acipenser ruthenus"
"Acipenser ruthenus leucotica",NA,233941,"Acipenser ruthenus"
"Acipenser ruthenus obtusirostris",NA,233941,"Acipenser ruthenus"
"Acipenser ruthenus rutzskyi",NA,233941,"Acipenser ruthenus"
"Acipenser ruthenus ruzskyi","misspelling",233941,"Acipenser ruthenus"
"Acipenser ruthenus septemcarinata",NA,233941,"Acipenser ruthenus"
"Acipenser ruthenus var. alba","synonym",233941,"Acipenser ruthenus"
"Acipenser ruthenus var. albinea","synonym",233941,"Acipenser ruthenus"
"Acipenser ruthenus var. birostrata","synonym",233941,"Acipenser ruthenus"
"Acipenser ruthenus var. brevirostris","ambiguous synonym",233941,"Acipenser ruthenus"
"Acipenser ruthenus var. erytraea","synonym",233941,"Acipenser ruthenus"
"Acipenser ruthenus var. obtusirostra","synonym",233941,"Acipenser ruthenus"
"Acipenser ruthenus var. septemcarinata","synonym",233941,"Acipenser ruthenus"
"Acipenser sterlet",NA,233941,"Acipenser ruthenus"
"Sterledus ruthenus","superseded new combination; misspelling: generic noun",233941,"Acipenser ruthenus"
"Sterledus ruthenus sibiricus","junior synonym; change in rank: var. --> ssp.",233941,"Acipenser ruthenus"
"Sterledus ruthenus var. sibiricus","junior synonym",233941,"Acipenser ruthenus"
"Acipenser baeri schrencki",NA,271698,"Acipenser schrenckii"
"Acipenser multiscutatus",NA,271698,"Acipenser schrenckii"
"Acipenser schrencki","misspelling",271698,"Acipenser schrenckii"
"Acipenser schrenki","misspelling",271698,"Acipenser schrenckii"
"Sturio schrenckii",NA,271698,"Acipenser schrenckii"
"Acipenser kikuchii",NA,271699,"Acipenser sinensis"
"Acipenser helops",NA,126278,"Acipenser stellatus"
"Acipenser ratzeburgii",NA,126278,"Acipenser stellatus"
"Acipenser rostratus",NA,126278,"Acipenser stellatus"
"Acipenser seuruga",NA,126278,"Acipenser stellatus"
"Acipenser stellatus danubialis",NA,126278,"Acipenser stellatus"
"Acipenser stellatus donensis",NA,126278,"Acipenser stellatus"
"Acipenser stellatus illyricus",NA,126278,"Acipenser stellatus"
"Accipenser attilus",NA,126279,"Acipenser sturio"
"Accipenser sturio","misspelling",126279,"Acipenser sturio"
"Acipenser attilus",NA,126279,"Acipenser sturio"
"Acipenser ducissae",NA,126279,"Acipenser sturio"
"Acipenser europaeus",NA,126279,"Acipenser sturio"
"Acipenser fitzingeri","misspelling",126279,"Acipenser sturio"
"Acipenser fitzingerii",NA,126279,"Acipenser sturio"
"Acipenser hospitus",NA,126279,"Acipenser sturio"
"Acipenser laevissimus",NA,126279,"Acipenser sturio"
"Acipenser latirostris",NA,126279,"Acipenser sturio"
"Acipenser milberti",NA,126279,"Acipenser sturio"
"Acipenser nehelae",NA,126279,"Acipenser sturio"
"Acipenser podapos",NA,126279,"Acipenser sturio"
"Acipenser stureio",NA,126279,"Acipenser sturio"
"Acipenser sturioides",NA,126279,"Acipenser sturio"
"Acipenser thompsonii",NA,126279,"Acipenser sturio"
"Acipenser valenciennii",NA,126279,"Acipenser sturio"
"Acipenser yarrellii",NA,126279,"Acipenser sturio"
"Arcipenser sturio","misspelling",126279,"Acipenser sturio"
"Sturio vulgaris",NA,126279,"Acipenser sturio"
"Acipenser aleutensis","synonym",238345,"Acipenser transmontanus"
"Myleus oligacanthus",NA,1022108,"Acnodon oligacanthus"
"Acreichtyes hajam","misspelling",277765,"Acreichthys hajam"
"Monacanthus hajam",NA,277765,"Acreichthys hajam"
"Monacanthus radiatus",NA,277766,"Acreichthys radiatus"
"Acreichthy tomento",NA,220054,"Acreichthys tomentosus"
"Acreichthys tomento",NA,220054,"Acreichthys tomentosus"
"Balistes tomentosus",NA,220054,"Acreichthys tomentosus"
"Monacanthus Blochii","junior synonym",220054,"Acreichthys tomentosus"
"Monacanthus tomentosus",NA,220054,"Acreichthys tomentosus"
"Monacanthus trichurus","junior synonym",220054,"Acreichthys tomentosus"
"Parvagor tomentosus","misspelling",220054,"Acreichthys tomentosus"
"Pervagor tomentosus",NA,220054,"Acreichthys tomentosus"
"Stephanolepis tomentosus",NA,220054,"Acreichthys tomentosus"
"Acrobrycon tarijae",NA,1014848,"Acrobrycon ipanquianus"
"Astyanax ipanquianus",NA,1014848,"Acrobrycon ipanquianus"
"Hemibrycon ipanquianus",NA,1014848,"Acrobrycon ipanquianus"
"Tetragonopterus ipanquianus","synonym",1014848,"Acrobrycon ipanquianus"
"Acrocheilus alutaceum",NA,592842,"Acrocheilus alutaceus"
"Lavinia alutacea",NA,592842,"Acrocheilus alutaceus"
"Acrochordonichthys chamaleon",NA,1470219,"Acrochordonichthys chamaeleon"
"Acrochordonichthys chameleon",NA,1470219,"Acrochordonichthys chamaeleon"
"Sosia chamaeleon",NA,1470219,"Acrochordonichthys chamaeleon"
"Sosia chamaleon",NA,1470219,"Acrochordonichthys chamaeleon"
"Acrochordonichthys buettikoferi","synonym",1018582,"Acrochordonichthys rugosus"
"Acrochordonichthys melanogaster",NA,1018582,"Acrochordonichthys rugosus"
"Acrochordonichthys obscurus",NA,1018582,"Acrochordonichthys rugosus"
"Acrochordonichthys platycephalus","synonym",1018582,"Acrochordonichthys rugosus"
"Acrochordonichthys pleurostigma",NA,1018582,"Acrochordonichthys rugosus"
"Acrochordonichthys varius","synonym",1018582,"Acrochordonichthys rugosus"
"Acrochordonichthys zonatus",NA,1018582,"Acrochordonichthys rugosus"
"Pimelodus melanogaster","synonym",1018582,"Acrochordonichthys rugosus"
"Pimelodus pleurostigma","synonym",1018582,"Acrochordonichthys rugosus"
"Pimelodus rugosus","synonym",1018582,"Acrochordonichthys rugosus"
"Pimelodus zonatus","synonym",1018582,"Acrochordonichthys rugosus"
"Sosia chamaeleon pallida","junior synonym",1018582,"Acrochordonichthys rugosus"
"Acrochordonichthys septemtrionalis",NA,1010047,"Acrochordonichthys septentrionalis"
"Promyllantor alcocki",NA,275420,"Acromycter alcocki"
"Promyllantor nezumi",NA,275423,"Acromycter nezumi"
"Ariosoma perturbator",NA,158564,"Acromycter perturbator"
"Acropoma japonica","misspelling",220048,"Acropoma japonicum"
"Acropoma japonicus","misspelling",220048,"Acropoma japonicum"
"Acropoma japononicum","misspelling",220048,"Acropoma japonicum"
"Synagrops japonicus",NA,220048,"Acropoma japonicum"
"Synagrops splendens",NA,220048,"Acropoma japonicum"
"Lissochilus aluoiensis",NA,1026759,"Acrossocheilus aluoiensis"
"Poropuntius aluoiensis",NA,1026759,"Acrossocheilus aluoiensis"
"Poropuntius baolacensis",NA,1009904,"Acrossocheilus baolacensis"
"Acrossocheilus wenchowensis beijiangensis",NA,279499,"Acrossocheilus beijiangensis"
"Lissochilus clivosius",NA,1026760,"Acrossocheilus clivosius"
"Lissochilus laocaiensis",NA,1026760,"Acrossocheilus clivosius"
"Acrossochilus rabaudi",NA,1016057,"Acrossocheilus fasciatus"
"Barbus lissochiloides","junior synonym",1016057,"Acrossocheilus fasciatus"
"Crossocheilus styani","junior synonym",1016057,"Acrossocheilus fasciatus"
"Crossochilus fasciatus","synonym",1016057,"Acrossocheilus fasciatus"
"Crossochilus styani","synonym",1016057,"Acrossocheilus fasciatus"
"Barbus hemispinus","synonym",1016357,"Acrossocheilus hemispinus"
"Lissochilus ikedai",NA,313594,"Acrossocheilus ikedai"
"Poropuntius ikedai",NA,313594,"Acrossocheilus ikedai"
"Acrossocheilus iridescens iridescens",NA,279500,"Acrossocheilus iridescens"
"Barbus barbodon",NA,279500,"Acrossocheilus iridescens"
"Barbus paradoxus quinquefasciatus",NA,279500,"Acrossocheilus iridescens"
"Cyclocheilichthys iridescens",NA,279500,"Acrossocheilus iridescens"
"Acrossocheilus cinctus","junior synonym",1018165,"Acrossocheilus kreyenbergii"
"Acrossocheilus hemispinus cinctus","junior synonym",1018165,"Acrossocheilus kreyenbergii"
"Barbus hemispinus cincta","junior synonym",1018165,"Acrossocheilus kreyenbergii"
"Barbus hemispinus cinctus",NA,1018165,"Acrossocheilus kreyenbergii"
"Barbus kreyenbergii","senior synonym",1018165,"Acrossocheilus kreyenbergii"
"Gymnostomus kreyenbergii",NA,1018165,"Acrossocheilus kreyenbergii"
"Varicorhinus kreyenbergii","senior synonym",1018165,"Acrossocheilus kreyenbergii"
"Lissochilus lamus",NA,1012611,"Acrossocheilus lamus"
"Acrossocheilus iridescens zhujiangensis","synonym",1011580,"Acrossocheilus longipinnis"
"Acrossocheilus stenotaeniatus",NA,1011580,"Acrossocheilus longipinnis"
"Lissochilus longipinnis","synonym",1011580,"Acrossocheilus longipinnis"
"Masticbarbus pentafasciatus","junior synonym",1011580,"Acrossocheilus longipinnis"
"Acrossocheilus iridescens yuanjiangensis",NA,1012710,"Acrossocheilus microstoma"
"Cyclocheilichthys microstoma","synonym",1012710,"Acrossocheilus microstoma"
"Crossocheilus monticola","senior synonym",1019755,"Acrossocheilus monticola"
"Crossochilus monticola",NA,1019755,"Acrossocheilus monticola"
"Acrossocheilus formosanus","junior synonym",1016878,"Acrossocheilus paradoxus"
"Acrossocheilus invirgatus","synonym",1016878,"Acrossocheilus paradoxus"
"Acrossocheilus labiatus","junior synonym",1016878,"Acrossocheilus paradoxus"
"Barbus matsudai","synonym",1016878,"Acrossocheilus paradoxus"
"Barbus paradoxus",NA,1016878,"Acrossocheilus paradoxus"
"Gymnostomus formosanus","synonym",1016878,"Acrossocheilus paradoxus"
"Gymnostomus labiatus","synonym",1016878,"Acrossocheilus paradoxus"
"Leuciscus labiatus","junior synonym",1016878,"Acrossocheilus paradoxus"
"Lissocholichthys matsudai","junior synonym",1016878,"Acrossocheilus paradoxus"
"Barbus parallens",NA,1015804,"Acrossocheilus parallens"
"Barbus rendahli",NA,1015803,"Acrossocheilus rendahli"
"Barbus wenchowensis",NA,279501,"Acrossocheilus wenchowensis"
"Barbus yunnanensis","ambiguous synonym",1018631,"Acrossocheilus yunnanensis"
"Rhinobatos annulatus",NA,871953,"Acroteriobatus annulatus"
"Rhinobatus annulatus","misspelling",871953,"Acroteriobatus annulatus"
"Rhinobatos blochi","misspelling",1022262,"Acroteriobatus blochii"
"Rhinobatos blochii",NA,1022262,"Acroteriobatus blochii"
"Rhinobatus blochii","misspelling",1022262,"Acroteriobatus blochii"
"Rhinobatos leucospilus",NA,1016293,"Acroteriobatus leucospilus"
"Rhinobatus leucospilus","misspelling",1016293,"Acroteriobatus leucospilus"
"Rhinobatos ocellatus","Superseded original combination",1016275,"Acroteriobatus ocellatus"
"Rhinobatus ocellatus","misspelling",1016275,"Acroteriobatus ocellatus"
"Rhinobatos salalah",NA,1043598,"Acroteriobatus salalah"
